time,n,kind,mode,seconds,ok,detail,rss_kb,open_files,threads,children,mem_available_kb
2026-10-04T21:25:32,1,fast,DU,0.875,True,,22880,7,2,0,1410144
2026-10-04T21:26:32,2,fast,DU,0.683,True,,22880,7,2,0,1419284
2026-10-04T21:27:32,3,fast,DU,0.679,True,,22880,7,2,0,1359988
2026-10-04T21:28:32,4,fast,DU,0.685,True,,22884,7,2,0,1434580
2026-10-04T21:29:33,5,full,GC16,1.126,True,,24256,7,2,0,1457404
2026-10-04T21:30:32,6,fast,DU,0.706,True,,24256,7,2,0,1417032
2026-10-04T21:31:32,7,fast,DU,0.685,True,,24256,7,2,0,1456052
2026-10-04T21:32:32,8,fast,DU,0.681,True,,24256,7,2,0,1458192
2026-10-04T21:33:32,9,fast,DU,0.682,True,,24256,7,2,0,1492852
2026-10-04T21:34:34,10,fault,GC16,2.315,True,expected error: DisplayTimeout: display not ready (busy line stayed low),24852,7,2,0,1493296
2026-10-04T21:34:36,10,recover,,2.628,True,,24856,7,2,0,1493592
2026-10-04T21:35:32,11,fast,DU,0.914,True,,24860,7,2,0,1489120
2026-10-04T21:36:32,12,fast,DU,0.682,True,,24860,7,2,0,1494372
2026-10-04T21:37:32,13,fast,DU,0.683,True,,24860,7,2,0,1491904
2026-10-04T21:38:32,14,fast,DU,0.682,True,,24864,7,2,0,1491784
2026-10-04T21:39:33,15,full,GC16,1.167,True,,24648,7,2,0,1489552
2026-10-04T21:40:32,16,fast,DU,0.706,True,,24648,7,2,0,1490020
2026-10-04T21:41:32,17,fast,DU,0.685,True,,24648,7,2,0,1506068
2026-10-04T21:42:32,18,fast,DU,0.685,True,,24648,7,2,0,1508620
2026-10-04T21:43:32,19,fast,DU,0.685,True,,24648,7,2,0,1508552
2026-10-04T21:44:34,20,fault,GC16,2.212,True,expected error: DisplayTimeout: display not ready (busy line stayed low),24500,7,2,0,1505360
2026-10-04T21:44:36,20,recover,,2.627,True,,24500,7,2,0,1505360
2026-10-04T21:45:32,21,fast,DU,0.914,True,,24500,7,2,0,1502260
2026-10-04T21:46:32,22,fast,DU,0.685,True,,24500,7,2,0,1508152
2026-10-04T21:47:32,23,fast,DU,0.682,True,,24500,7,2,0,1498744
2026-10-04T21:48:32,24,fast,DU,0.661,True,,24500,7,2,0,1505752
2026-10-04T21:49:33,25,full,GC16,1.136,True,,25468,7,2,0,1502408
2026-10-04T21:50:32,26,fast,DU,0.706,True,,25468,7,2,0,1505252
2026-10-04T21:51:32,27,fast,DU,0.678,True,,25468,7,2,0,1507056
2026-10-04T21:52:32,28,fast,DU,0.684,True,,25468,7,2,0,1507496
2026-10-04T21:53:32,29,fast,DU,0.684,True,,25468,7,2,0,1507256
2026-10-04T21:54:34,30,fault,GC16,2.25,True,expected error: DisplayTimeout: display not ready (busy line stayed low),24500,7,2,0,1504392
2026-10-04T21:54:36,30,recover,,2.627,True,,24500,7,2,0,1504136
2026-10-04T21:55:32,31,fast,DU,0.914,True,,24500,7,2,0,1501660
2026-10-04T21:56:32,32,fast,DU,0.68,True,,24500,7,2,0,1504020
2026-10-04T21:57:32,33,fast,DU,0.685,True,,24500,7,2,0,1506372
2026-10-04T21:58:32,34,fast,DU,0.684,True,,24500,7,2,0,1505408
2026-10-04T21:59:33,35,full,GC16,1.135,True,,24500,7,2,0,1502216
2026-10-04T22:00:32,36,fast,DU,0.704,True,,24500,7,2,0,1504800
2026-10-04T22:01:32,37,fast,DU,0.684,True,,24500,7,2,0,1505780
2026-10-04T22:02:32,38,fast,DU,0.685,True,,24500,7,2,0,1503776
2026-10-04T22:03:32,39,fast,DU,0.684,True,,24500,7,2,0,1505324
2026-10-04T22:04:34,40,fault,GC16,2.235,True,expected error: DisplayTimeout: display not ready (busy line stayed low),25468,7,2,0,1499560
2026-10-04T22:04:36,40,recover,,2.627,True,,25468,7,2,0,1498552
2026-10-04T22:05:32,41,fast,DU,0.914,True,,25468,7,2,0,1502028
2026-10-04T22:06:32,42,fast,DU,0.685,True,,25468,7,2,0,1500408
2026-10-04T22:07:32,43,fast,DU,0.685,True,,25468,7,2,0,1501868
2026-10-04T22:08:32,44,fast,DU,0.685,True,,25468,7,2,0,1502548
2026-10-04T22:09:33,45,full,GC16,1.14,True,,24500,7,2,0,1502328
2026-10-04T22:10:32,46,fast,DU,0.706,True,,24500,7,2,0,1502240
2026-10-04T22:11:32,47,fast,DU,0.685,True,,24500,7,2,0,1503452
2026-10-04T22:12:32,48,fast,DU,0.685,True,,24500,7,2,0,1502176
2026-10-04T22:13:32,49,fast,DU,0.68,True,,24500,7,2,0,1503080
2026-10-04T22:14:34,50,fault,GC16,2.212,True,expected error: DisplayTimeout: display not ready (busy line stayed low),24504,7,2,0,1504944
2026-10-04T22:14:36,50,recover,,2.627,True,,24508,7,2,0,1502928
2026-10-04T22:15:32,51,fast,DU,0.911,True,,24508,7,2,0,1501180
2026-10-04T22:16:32,52,fast,DU,0.685,True,,24508,7,2,0,1503236
2026-10-04T22:17:32,53,fast,DU,0.685,True,,24508,7,2,0,1503188
2026-10-04T22:18:32,54,fast,DU,0.685,True,,24508,7,2,0,1502856
2026-10-04T22:19:33,55,full,GC16,1.148,True,,25476,7,2,0,1499560
2026-10-04T22:20:32,56,fast,DU,0.706,True,,25476,7,2,0,1502176
2026-10-04T22:21:32,57,fast,DU,0.685,True,,25476,7,2,0,1502496
2026-10-04T22:22:32,58,fast,DU,0.685,True,,25476,7,2,0,1502892
2026-10-04T22:23:32,59,fast,DU,0.685,True,,25476,7,2,0,1503184
2026-10-04T22:24:34,60,fault,GC16,2.256,True,expected error: DisplayTimeout: display not ready (busy line stayed low),24508,7,2,0,1497564
2026-10-04T22:24:36,60,recover,,2.627,True,,24508,7,2,0,1498156
2026-10-04T22:25:32,61,fast,DU,0.914,True,,24508,7,2,0,1492656
2026-10-04T22:26:32,62,fast,DU,0.685,True,,24508,7,2,0,1496368
2026-10-04T22:27:32,63,fast,DU,0.685,True,,24508,7,2,0,1496728
2026-10-04T22:28:32,64,fast,DU,0.684,True,,24508,7,2,0,1498104
2026-10-04T22:29:33,65,full,GC16,1.125,True,,24508,7,2,0,1494740
2026-10-04T22:30:32,66,fast,DU,0.762,True,,24508,7,2,0,1494680
2026-10-04T22:31:32,67,fast,DU,0.746,True,,24508,7,2,0,1495896
2026-10-04T22:32:32,68,fast,DU,0.745,True,,24508,7,2,0,1496440
2026-10-04T22:33:32,69,fast,DU,0.746,True,,24508,7,2,0,1498048
2026-10-04T22:34:34,70,fault,GC16,2.214,True,expected error: DisplayTimeout: display not ready (busy line stayed low),25476,7,2,0,1491640
2026-10-04T22:34:36,70,recover,,2.628,True,,25476,7,2,0,1490640
2026-10-04T22:35:32,71,fast,DU,0.976,True,,25476,7,2,0,1493800
2026-10-04T22:36:32,72,fast,DU,0.746,True,,25476,7,2,0,1495556
2026-10-04T22:37:32,73,fast,DU,0.746,True,,25476,7,2,0,1493724
2026-10-04T22:38:32,74,fast,DU,0.746,True,,25480,7,2,0,1494864
2026-10-04T22:39:33,75,full,GC16,1.446,True,,24512,7,2,0,1492328
2026-10-04T22:40:32,76,fast,DU,0.768,True,,24512,7,2,0,1496844
2026-10-04T22:41:32,77,fast,DU,0.742,True,,24512,7,2,0,1496004
2026-10-04T22:42:32,78,fast,DU,0.746,True,,24512,7,2,0,1497320
2026-10-04T22:43:32,79,fast,DU,0.746,True,,24512,7,2,0,1497940
2026-10-04T22:44:34,80,fault,GC16,2.212,True,expected error: DisplayTimeout: display not ready (busy line stayed low),24512,7,2,0,1494116
2026-10-04T22:44:36,80,recover,,2.628,True,,24512,7,2,0,1494444
2026-10-04T22:45:32,81,fast,DU,0.976,True,,24512,7,2,0,1494640
2026-10-04T22:46:32,82,fast,DU,0.741,True,,24512,7,2,0,1501028
2026-10-04T22:47:32,83,fast,DU,0.746,True,,24512,7,2,0,1500308
2026-10-04T22:48:32,84,fast,DU,0.746,True,,24512,7,2,0,1500636
2026-10-04T22:49:33,85,full,GC16,1.253,True,,25480,7,2,0,1498100
2026-10-04T22:50:32,86,fast,DU,0.767,True,,25480,7,2,0,1499336
2026-10-04T22:51:32,87,fast,DU,0.746,True,,25480,7,2,0,1501136
2026-10-04T22:52:32,88,fast,DU,0.746,True,,25480,7,2,0,1502136
2026-10-04T22:53:32,89,fast,DU,0.742,True,,25480,7,2,0,1500464
2026-10-04T22:54:34,90,fault,GC16,2.253,True,expected error: DisplayTimeout: display not ready (busy line stayed low),24516,7,2,0,1498032
2026-10-04T22:54:36,90,recover,,2.628,True,,24516,7,2,0,1498740
2026-10-04T22:55:32,91,fast,DU,0.976,True,,24516,7,2,0,1494328
2026-10-04T22:56:32,92,fast,DU,0.746,True,,24516,7,2,0,1498776
2026-10-04T22:57:32,93,fast,DU,0.746,True,,24516,7,2,0,1498856
2026-10-04T22:58:32,94,fast,DU,0.746,True,,24516,7,2,0,1499684
2026-10-04T22:59:33,95,full,GC16,1.245,True,,24516,7,2,0,1497204
2026-10-04T23:00:32,96,fast,DU,0.767,True,,24516,7,2,0,1501008
2026-10-04T23:01:32,97,fast,DU,0.746,True,,24516,7,2,0,1498512
2026-10-04T23:02:32,98,fast,DU,0.742,True,,24516,7,2,0,1498576
2026-10-04T23:03:32,99,fast,DU,0.746,True,,24516,7,2,0,1497336
2026-10-04T23:04:34,100,fault,GC16,2.226,True,expected error: DisplayTimeout: display not ready (busy line stayed low),25484,7,2,0,1496848
2026-10-04T23:04:36,100,recover,,2.628,True,,25488,7,2,0,1496140
2026-10-04T23:05:32,101,fast,DU,0.976,True,,25488,7,2,0,1496356
2026-10-04T23:06:32,102,fast,DU,0.746,True,,25488,7,2,0,1499276
2026-10-04T23:07:32,103,fast,DU,0.746,True,,25488,7,2,0,1499420
2026-10-04T23:08:32,104,fast,DU,0.746,True,,25488,7,2,0,1499244
2026-10-04T23:09:33,105,full,GC16,1.276,True,,24520,7,2,0,1498180
2026-10-04T23:10:32,106,fast,DU,0.762,True,,24520,7,2,0,1502816
2026-10-04T23:11:32,107,fast,DU,0.743,True,,24520,7,2,0,1502044
2026-10-04T23:12:32,108,fast,DU,0.746,True,,24520,7,2,0,1501220
2026-10-04T23:13:32,109,fast,DU,0.745,True,,24520,7,2,0,1500524
2026-10-04T23:14:34,110,fault,GC16,2.212,True,expected error: DisplayTimeout: display not ready (busy line stayed low),24520,7,2,0,1496808
2026-10-04T23:14:36,110,recover,,2.628,True,,24528,7,2,0,1497888
2026-10-04T23:15:32,111,fast,DU,0.976,True,,24528,7,2,0,1497016
2026-10-04T23:16:32,112,fast,DU,0.744,True,,24528,7,2,0,1498416
2026-10-04T23:17:32,113,fast,DU,0.746,True,,24528,7,2,0,1499484
2026-10-04T23:18:32,114,fast,DU,0.745,True,,24528,7,2,0,1497472
2026-10-04T23:19:33,115,full,GC16,1.258,True,,25496,7,2,0,1495668
2026-10-04T23:20:32,116,fast,DU,0.764,True,,25496,7,2,0,1496352
2026-10-04T23:21:32,117,fast,DU,0.746,True,,25496,7,2,0,1498064
2026-10-04T23:22:32,118,fast,DU,0.741,True,,25496,7,2,0,1496632
2026-10-04T23:23:32,119,fast,DU,0.744,True,,25496,7,2,0,1499420
2026-10-04T23:24:34,120,fault,GC16,2.253,True,expected error: DisplayTimeout: display not ready (busy line stayed low),24528,7,2,0,1498584
2026-10-04T23:24:36,120,recover,,2.628,True,,24528,7,2,0,1497828
2026-10-04T23:25:32,121,fast,DU,0.976,True,,24528,7,2,0,1493976
2026-10-04T23:26:32,122,fast,DU,0.746,True,,24528,7,2,0,1496136
2026-10-04T23:27:32,123,fast,DU,0.746,True,,24528,7,2,0,1495148
2026-10-04T23:28:32,124,fast,DU,0.746,True,,24528,7,2,0,1493644
2026-10-04T23:29:33,125,full,GC16,1.249,True,,24528,7,2,0,1492188
2026-10-04T23:30:32,126,fast,DU,0.767,True,,24532,7,2,0,1493584
2026-10-04T23:31:32,127,fast,DU,0.743,True,,24532,7,2,0,1495004
2026-10-04T23:32:32,128,fast,DU,0.746,True,,24532,7,2,0,1493524
2026-10-04T23:33:32,129,fast,DU,0.742,True,,24532,7,2,0,1494920
2026-10-04T23:34:34,130,fault,GC16,2.221,True,expected error: DisplayTimeout: display not ready (busy line stayed low),25500,7,2,0,1490568
2026-10-04T23:34:36,130,recover,,2.628,True,,25500,7,2,0,1491380
2026-10-04T23:35:32,131,fast,DU,0.976,True,,25500,7,2,0,1491824
2026-10-04T23:36:32,132,fast,DU,0.743,True,,25500,7,2,0,1495148
2026-10-04T23:37:32,133,fast,DU,0.74,True,,25500,7,2,0,1497564
2026-10-04T23:38:32,134,fast,DU,0.741,True,,25500,7,2,0,1494572
2026-10-04T23:39:33,135,full,GC16,1.275,True,,24532,7,2,0,1488296
2026-10-04T23:40:32,136,fast,DU,0.764,True,,24532,7,2,0,1494028
2026-10-04T23:41:32,137,fast,DU,0.73,True,,24532,7,2,0,1494496
2026-10-04T23:42:32,138,fast,DU,0.746,True,,24532,7,2,0,1496700
2026-10-04T23:43:32,139,fast,DU,0.746,True,,24532,7,2,0,1494432
2026-10-04T23:44:34,140,fault,GC16,2.212,True,expected error: DisplayTimeout: display not ready (busy line stayed low),24532,7,2,0,1492588
2026-10-04T23:44:36,140,recover,,2.628,True,,24532,7,2,0,1491476
2026-10-04T23:45:32,141,fast,DU,0.975,True,,24532,7,2,0,1493100
2026-10-04T23:46:32,142,fast,DU,0.746,True,,24532,7,2,0,1493868
2026-10-04T23:47:32,143,fast,DU,0.746,True,,24532,7,2,0,1496688
2026-10-04T23:48:32,144,fast,DU,0.745,True,,24536,7,2,0,1493196
2026-10-04T23:49:33,145,full,GC16,1.267,True,,25504,7,2,0,1491212
2026-10-04T23:50:32,146,fast,DU,0.767,True,,25504,7,2,0,1493436
2026-10-04T23:51:32,147,fast,DU,0.746,True,,25504,7,2,0,1493076
2026-10-04T23:52:32,148,fast,DU,0.744,True,,25504,7,2,0,1494636
2026-10-04T23:53:32,149,fast,DU,0.745,True,,25504,7,2,0,1492412
2026-10-04T23:54:34,150,fault,GC16,2.308,True,expected error: DisplayTimeout: display not ready (busy line stayed low),24536,7,2,0,1497500
2026-10-04T23:54:36,150,recover,,2.628,True,,24536,7,2,0,1493568
2026-10-04T23:55:32,151,fast,DU,0.976,True,,24536,7,2,0,1492996
2026-10-04T23:56:32,152,fast,DU,0.746,True,,24536,7,2,0,1493808
2026-10-04T23:57:32,153,fast,DU,0.742,True,,24536,7,2,0,1497704
2026-10-04T23:58:32,154,fast,DU,0.742,True,,24536,7,2,0,1497996
2026-10-04T23:59:33,155,full,GC16,1.235,True,,24536,7,2,0,1497216
2026-10-05T00:00:32,156,fast,DU,0.768,True,,24536,7,2,0,1498420
2026-10-05T00:01:32,157,fast,DU,0.746,True,,24536,7,2,0,1499404
2026-10-05T00:02:32,158,fast,DU,0.746,True,,24536,7,2,0,1499000
2026-10-05T00:03:32,159,fast,DU,0.746,True,,24536,7,2,0,1498192
2026-10-05T00:04:34,160,fault,GC16,2.235,True,expected error: DisplayTimeout: display not ready (busy line stayed low),25504,7,2,0,1496596
2026-10-05T00:04:36,160,recover,,2.628,True,,25504,7,2,0,1496944
2026-10-05T00:05:32,161,fast,DU,0.976,True,,25504,7,2,0,1493752
2026-10-05T00:06:32,162,fast,DU,0.746,True,,25504,7,2,0,1496776
2026-10-05T00:07:32,163,fast,DU,0.742,True,,25504,7,2,0,1496888
2026-10-05T00:08:32,164,fast,DU,0.746,True,,25504,7,2,0,1496260
2026-10-05T00:09:33,165,full,GC16,1.444,True,,24536,7,2,0,1495984
2026-10-05T00:10:32,166,fast,DU,0.768,True,,24536,7,2,0,1495824
2026-10-05T00:11:32,167,fast,DU,0.745,True,,24536,7,2,0,1495400
2026-10-05T00:12:32,168,fast,DU,0.746,True,,24536,7,2,0,1497308
2026-10-05T00:13:32,169,fast,DU,0.746,True,,24536,7,2,0,1496796
2026-10-05T00:14:34,170,fault,GC16,2.212,True,expected error: DisplayTimeout: display not ready (busy line stayed low),24540,7,2,0,1493096
2026-10-05T00:14:36,170,recover,,2.628,True,,24540,7,2,0,1493528
2026-10-05T00:15:32,171,fast,DU,0.976,True,,24540,7,2,0,1494932
2026-10-05T00:16:32,172,fast,DU,0.741,True,,24540,7,2,0,1497644
2026-10-05T00:17:32,173,fast,DU,0.744,True,,24540,7,2,0,1496900
2026-10-05T00:18:32,174,fast,DU,0.746,True,,24540,7,2,0,1496036
2026-10-05T00:19:33,175,full,GC16,1.258,True,,25508,7,2,0,1493228
2026-10-05T00:20:32,176,fast,DU,0.764,True,,25508,7,2,0,1494524
2026-10-05T00:21:32,177,fast,DU,0.746,True,,25508,7,2,0,1496792
2026-10-05T00:22:32,178,fast,DU,0.746,True,,25508,7,2,0,1497404
2026-10-05T00:23:32,179,fast,DU,0.746,True,,25508,7,2,0,1497676
2026-10-05T00:24:34,180,fault,GC16,2.31,True,expected error: DisplayTimeout: display not ready (busy line stayed low),24544,7,2,0,1499684
2026-10-05T00:24:36,180,recover,,2.628,True,,24544,7,2,0,1497680
2026-10-05T00:25:32,181,fast,DU,0.971,True,,24544,7,2,0,1489824
2026-10-05T00:26:32,182,fast,DU,0.746,True,,24544,7,2,0,1492096
2026-10-05T00:27:32,183,fast,DU,0.746,True,,24544,7,2,0,1492200
2026-10-05T00:28:32,184,fast,DU,0.746,True,,24544,7,2,0,1492808
2026-10-05T00:29:33,185,full,GC16,1.244,True,,24544,7,2,0,1488892
2026-10-05T00:30:32,186,fast,DU,0.767,True,,24544,7,2,0,1492856
2026-10-05T00:31:32,187,fast,DU,0.742,True,,24544,7,2,0,1493364
2026-10-05T00:32:32,188,fast,DU,0.742,True,,24544,7,2,0,1494012
2026-10-05T00:33:32,189,fast,DU,0.746,True,,24544,7,2,0,1493860
2026-10-05T00:34:34,190,fault,GC16,2.242,True,expected error: DisplayTimeout: display not ready (busy line stayed low),25512,7,2,0,1490324
2026-10-05T00:34:36,190,recover,,2.627,True,,25512,7,2,0,1489388
2026-10-05T00:35:32,191,fast,DU,0.972,True,,25512,7,2,0,1486320
2026-10-05T00:36:32,192,fast,DU,0.746,True,,25512,7,2,0,1490756
2026-10-05T00:37:32,193,fast,DU,0.746,True,,25512,7,2,0,1490756
2026-10-05T00:38:32,194,fast,DU,0.746,True,,25512,7,2,0,1490892
2026-10-05T00:39:33,195,full,GC16,1.267,True,,24544,7,2,0,1488872
2026-10-05T00:40:32,196,fast,DU,0.764,True,,24544,7,2,0,1490720
2026-10-05T00:41:32,197,fast,DU,0.742,True,,24544,7,2,0,1489284
2026-10-05T00:42:32,198,fast,DU,0.742,True,,24544,7,2,0,1491440
2026-10-05T00:43:32,199,fast,DU,0.746,True,,24544,7,2,0,1490684
2026-10-05T00:44:34,200,fault,GC16,2.212,True,expected error: DisplayTimeout: display not ready (busy line stayed low),24544,7,2,0,1489432
2026-10-05T00:44:36,200,recover,,2.627,True,,24548,7,2,0,1489684
2026-10-05T00:45:32,201,fast,DU,0.975,True,,24548,7,2,0,1484904
2026-10-05T00:46:32,202,fast,DU,0.746,True,,24548,7,2,0,1491236
2026-10-05T00:47:32,203,fast,DU,0.746,True,,24548,7,2,0,1493160
2026-10-05T00:48:32,204,fast,DU,0.747,True,,24548,7,2,0,1491316
2026-10-05T00:49:33,205,full,GC16,1.258,True,,25516,7,2,0,1492492
2026-10-05T00:50:32,206,fast,DU,0.767,True,,25516,7,2,0,1490292
2026-10-05T00:51:32,207,fast,DU,0.746,True,,25516,7,2,0,1491548
2026-10-05T00:52:32,208,fast,DU,0.742,True,,25516,7,2,0,1489124
2026-10-05T00:53:32,209,fast,DU,0.746,True,,25516,7,2,0,1489864
2026-10-05T00:54:34,210,fault,GC16,2.31,True,expected error: DisplayTimeout: display not ready (busy line stayed low),24548,7,2,0,1491264
2026-10-05T00:54:36,210,recover,,2.629,True,,24548,7,2,0,1489352
2026-10-05T00:55:32,211,fast,DU,0.972,True,,24548,7,2,0,1488028
2026-10-05T00:56:32,212,fast,DU,0.746,True,,24548,7,2,0,1492444
2026-10-05T00:57:32,213,fast,DU,0.746,True,,24548,7,2,0,1493456
2026-10-05T00:58:32,214,fast,DU,0.74,True,,24548,7,2,0,1491732
2026-10-05T00:59:33,215,full,GC16,1.235,True,,24548,7,2,0,1487840
2026-10-05T01:00:32,216,fast,DU,0.767,True,,24548,7,2,0,1493548
2026-10-05T01:01:32,217,fast,DU,0.746,True,,24548,7,2,0,1491804
2026-10-05T01:02:32,218,fast,DU,0.746,True,,24548,7,2,0,1492776
2026-10-05T01:03:32,219,fast,DU,0.745,True,,24548,7,2,0,1489004
2026-10-05T01:04:34,220,fault,GC16,2.235,True,expected error: DisplayTimeout: display not ready (busy line stayed low),25516,7,2,0,1492372
2026-10-05T01:04:36,220,recover,,2.628,True,,25520,7,2,0,1491376
2026-10-05T01:05:32,221,fast,DU,0.976,True,,25520,7,2,0,1485968
2026-10-05T01:06:32,222,fast,DU,0.747,True,,25520,7,2,0,1491544
2026-10-05T01:07:32,223,fast,DU,0.742,True,,25520,7,2,0,1492436
2026-10-05T01:08:32,224,fast,DU,0.746,True,,25520,7,2,0,1490116
2026-10-05T01:09:33,225,full,GC16,1.275,True,,24552,7,2,0,1490396
2026-10-05T01:10:32,226,fast,DU,0.769,True,,24552,7,2,0,1492524
2026-10-05T01:11:32,227,fast,DU,0.746,True,,24552,7,2,0,1491580
2026-10-05T01:12:32,228,fast,DU,0.746,True,,24552,7,2,0,1488956
2026-10-05T01:13:32,229,fast,DU,0.746,True,,24552,7,2,0,1491296
2026-10-05T01:14:34,230,fault,GC16,2.233,True,expected error: DisplayTimeout: display not ready (busy line stayed low),24552,7,2,0,1488928
2026-10-05T01:14:36,230,recover,,2.628,True,,24552,7,2,0,1488172
2026-10-05T01:15:32,231,fast,DU,0.975,True,,24552,7,2,0,1489380
2026-10-05T01:16:32,232,fast,DU,0.742,True,,24552,7,2,0,1490600
2026-10-05T01:17:32,233,fast,DU,0.746,True,,24552,7,2,0,1492916
2026-10-05T01:18:32,234,fast,DU,0.746,True,,24552,7,2,0,1489384
2026-10-05T01:19:33,235,full,GC16,1.244,True,,25520,7,2,0,1495320
2026-10-05T01:20:32,236,fast,DU,0.767,True,,25520,7,2,0,1495236
2026-10-05T01:21:32,237,fast,DU,0.746,True,,25520,7,2,0,1494688
2026-10-05T01:22:32,238,fast,DU,0.746,True,,25520,7,2,0,1495184
2026-10-05T01:23:32,239,fast,DU,0.746,True,,25520,7,2,0,1496708
2026-10-05T01:24:34,240,fault,GC16,2.254,True,expected error: DisplayTimeout: display not ready (busy line stayed low),24552,7,2,0,1493140
2026-10-05T01:24:36,240,recover,,2.628,True,,24552,7,2,0,1492344
2026-10-05T01:25:32,241,fast,DU,0.976,True,,24552,7,2,0,1490336
2026-10-05T01:26:32,242,fast,DU,0.741,True,,24552,7,2,0,1491924
2026-10-05T01:27:32,243,fast,DU,0.74,True,,24552,7,2,0,1492760
2026-10-05T01:28:32,244,fast,DU,0.742,True,,24552,7,2,0,1491956
2026-10-05T01:29:33,245,full,GC16,1.235,True,,24552,7,2,0,1491448
2026-10-05T01:30:32,246,fast,DU,0.768,True,,24552,7,2,0,1493848
2026-10-05T01:31:32,247,fast,DU,0.746,True,,24552,7,2,0,1491116
2026-10-05T01:32:32,248,fast,DU,0.746,True,,24552,7,2,0,1491396
2026-10-05T01:33:32,249,fast,DU,0.746,True,,24552,7,2,0,1490960
2026-10-05T01:34:34,250,fault,GC16,2.225,True,expected error: DisplayTimeout: display not ready (busy line stayed low),25520,7,2,0,1489508
2026-10-05T01:34:36,250,recover,,2.627,True,,25520,7,2,0,1489504
2026-10-05T01:35:32,251,fast,DU,0.976,True,,25520,7,2,0,1487100
2026-10-05T01:36:32,252,fast,DU,0.74,True,,25520,7,2,0,1491072
2026-10-05T01:37:32,253,fast,DU,0.743,True,,25520,7,2,0,1490540
2026-10-05T01:38:32,254,fast,DU,0.74,True,,25520,7,2,0,1491556
2026-10-05T01:39:33,255,full,GC16,1.278,True,,24552,7,2,0,1488856
2026-10-05T01:40:32,256,fast,DU,0.768,True,,24552,7,2,0,1492364
2026-10-05T01:41:32,257,fast,DU,0.746,True,,24552,7,2,0,1493156
2026-10-05T01:42:32,258,fast,DU,0.747,True,,24552,7,2,0,1489932
2026-10-05T01:43:32,259,fast,DU,0.746,True,,24552,7,2,0,1492208
2026-10-05T01:44:34,260,fault,GC16,2.212,True,expected error: DisplayTimeout: display not ready (busy line stayed low),24552,7,2,0,1487304
2026-10-05T01:44:36,260,recover,,2.628,True,,24552,7,2,0,1488012
2026-10-05T01:45:32,261,fast,DU,0.976,True,,24552,7,2,0,1488060
2026-10-05T01:46:32,262,fast,DU,0.742,True,,24552,7,2,0,1491892
2026-10-05T01:47:32,263,fast,DU,0.744,True,,24552,7,2,0,1492816
2026-10-05T01:48:32,264,fast,DU,0.745,True,,24552,7,2,0,1491356
2026-10-05T01:49:33,265,full,GC16,1.452,True,,25520,7,2,0,1489580
2026-10-05T01:50:32,266,fast,DU,0.768,True,,25520,7,2,0,1489200
2026-10-05T01:51:32,267,fast,DU,0.74,True,,25520,7,2,0,1491052
2026-10-05T01:52:32,268,fast,DU,0.744,True,,25520,7,2,0,1490588
2026-10-05T01:53:32,269,fast,DU,0.745,True,,25520,7,2,0,1490880
2026-10-05T01:54:34,270,fault,GC16,2.239,True,expected error: DisplayTimeout: display not ready (busy line stayed low),24552,7,2,0,1487804
2026-10-05T01:54:36,270,recover,,2.628,True,,24552,7,2,0,1487068
2026-10-05T01:55:32,271,fast,DU,0.976,True,,24552,7,2,0,1488416
2026-10-05T01:56:32,272,fast,DU,0.742,True,,24552,7,2,0,1489804
2026-10-05T01:57:32,273,fast,DU,0.745,True,,24552,7,2,0,1488316
2026-10-05T01:58:32,274,fast,DU,0.746,True,,24552,7,2,0,1492056
2026-10-05T01:59:33,275,full,GC16,1.245,True,,24552,7,2,0,1489644
2026-10-05T02:00:32,276,fast,DU,0.768,True,,24552,7,2,0,1490316
2026-10-05T02:01:32,277,fast,DU,0.746,True,,24552,7,2,0,1489004
2026-10-05T02:02:32,278,fast,DU,0.746,True,,24552,7,2,0,1489764
2026-10-05T02:03:32,279,fast,DU,0.746,True,,24552,7,2,0,1488540
2026-10-05T02:04:34,280,fault,GC16,2.236,True,expected error: DisplayTimeout: display not ready (busy line stayed low),25520,7,2,0,1487384
2026-10-05T02:04:36,280,recover,,2.628,True,,25520,7,2,0,1488244
2026-10-05T02:05:32,281,fast,DU,0.976,True,,25520,7,2,0,1485236
2026-10-05T02:06:32,282,fast,DU,0.746,True,,25520,7,2,0,1489552
2026-10-05T02:07:32,283,fast,DU,0.745,True,,25520,7,2,0,1489112
2026-10-05T02:08:32,284,fast,DU,0.746,True,,25520,7,2,0,1489780
2026-10-05T02:09:33,285,full,GC16,1.445,True,,24552,7,2,0,1493360
2026-10-05T02:10:32,286,fast,DU,0.768,True,,24552,7,2,0,1491364
2026-10-05T02:11:32,287,fast,DU,0.746,True,,24552,7,2,0,1491424
2026-10-05T02:12:32,288,fast,DU,0.746,True,,24552,7,2,0,1493436
2026-10-05T02:13:32,289,fast,DU,0.743,True,,24552,7,2,0,1493356
2026-10-05T02:14:34,290,fault,GC16,2.212,True,expected error: DisplayTimeout: display not ready (busy line stayed low),24552,7,2,0,1493312
2026-10-05T02:14:36,290,recover,,2.628,True,,24552,7,2,0,1491308
2026-10-05T02:15:32,291,fast,DU,0.976,True,,24552,7,2,0,1486864
2026-10-05T02:16:32,292,fast,DU,0.746,True,,24552,7,2,0,1489700
2026-10-05T02:17:32,293,fast,DU,0.746,True,,24552,7,2,0,1490584
2026-10-05T02:18:32,294,fast,DU,0.743,True,,24552,7,2,0,1488600
2026-10-05T02:19:33,295,full,GC16,1.258,True,,25520,7,2,0,1487656
2026-10-05T02:20:32,296,fast,DU,0.767,True,,25520,7,2,0,1490960
2026-10-05T02:21:32,297,fast,DU,0.745,True,,25520,7,2,0,1488348
2026-10-05T02:22:32,298,fast,DU,0.742,True,,25520,7,2,0,1489876
2026-10-05T02:23:32,299,fast,DU,0.745,True,,25520,7,2,0,1487352
2026-10-05T02:24:34,300,fault,GC16,2.306,True,expected error: DisplayTimeout: display not ready (busy line stayed low),24552,7,2,0,1491880
2026-10-05T02:24:36,300,recover,,2.628,True,,24552,7,2,0,1491188
2026-10-05T02:25:32,301,fast,DU,0.976,True,,24552,7,2,0,1486228
2026-10-05T02:26:32,302,fast,DU,0.743,True,,24552,7,2,0,1488508
2026-10-05T02:27:32,303,fast,DU,0.746,True,,24552,7,2,0,1487788
2026-10-05T02:28:32,304,fast,DU,0.746,True,,24552,7,2,0,1489116
2026-10-05T02:29:33,305,full,GC16,1.235,True,,24552,7,2,0,1485624
2026-10-05T02:30:32,306,fast,DU,0.767,True,,24552,7,2,0,1489236
2026-10-05T02:31:32,307,fast,DU,0.742,True,,24552,7,2,0,1488676
2026-10-05T02:32:32,308,fast,DU,0.744,True,,24552,7,2,0,1488564
2026-10-05T02:33:32,309,fast,DU,0.746,True,,24552,7,2,0,1487572
2026-10-05T02:34:34,310,fault,GC16,2.221,True,expected error: DisplayTimeout: display not ready (busy line stayed low),25524,7,2,0,1484156
2026-10-05T02:34:36,310,recover,,2.628,True,,25524,7,2,0,1485116
2026-10-05T02:35:32,311,fast,DU,0.973,True,,25524,7,2,0,1485312
2026-10-05T02:36:32,312,fast,DU,0.746,True,,25524,7,2,0,1489736
2026-10-05T02:37:32,313,fast,DU,0.742,True,,25524,7,2,0,1488044
2026-10-05T02:38:32,314,fast,DU,0.746,True,,25524,7,2,0,1490428
2026-10-05T02:39:33,315,full,GC16,1.271,True,,24556,7,2,0,1491048
2026-10-05T02:40:32,316,fast,DU,0.763,True,,24556,7,2,0,1491688
2026-10-05T02:41:32,317,fast,DU,0.746,True,,24556,7,2,0,1492076
2026-10-05T02:42:32,318,fast,DU,0.746,True,,24556,7,2,0,1489428
2026-10-05T02:43:32,319,fast,DU,0.746,True,,24556,7,2,0,1491060
2026-10-05T02:44:34,320,fault,GC16,2.213,True,expected error: DisplayTimeout: display not ready (busy line stayed low),24556,7,2,0,1490916
2026-10-05T02:44:36,320,recover,,2.628,True,,24556,7,2,0,1489152
2026-10-05T02:45:32,321,fast,DU,0.971,True,,24556,7,2,0,1486048
2026-10-05T02:46:32,322,fast,DU,0.746,True,,24556,7,2,0,1490736
2026-10-05T02:47:32,323,fast,DU,0.746,True,,24556,7,2,0,1491400
2026-10-05T02:48:32,324,fast,DU,0.746,True,,24556,7,2,0,1491400
2026-10-05T02:49:33,325,full,GC16,1.261,True,,25524,7,2,0,1488164
2026-10-05T02:50:32,326,fast,DU,0.768,True,,25524,7,2,0,1488484
2026-10-05T02:51:32,327,fast,DU,0.746,True,,25524,7,2,0,1489832
2026-10-05T02:52:32,328,fast,DU,0.746,True,,25524,7,2,0,1488264
2026-10-05T02:53:32,329,fast,DU,0.746,True,,25524,7,2,0,1489644
2026-10-05T02:54:34,330,fault,GC16,2.254,True,expected error: DisplayTimeout: display not ready (busy line stayed low),24560,7,2,0,1490856
2026-10-05T02:54:36,330,recover,,2.628,True,,24560,7,2,0,1490352
2026-10-05T02:55:32,331,fast,DU,0.976,True,,24560,7,2,0,1488936
2026-10-05T02:56:32,332,fast,DU,0.745,True,,24560,7,2,0,1491296
2026-10-05T02:57:32,333,fast,DU,0.746,True,,24560,7,2,0,1490728
2026-10-05T02:58:32,334,fast,DU,0.746,True,,24560,7,2,0,1491624
2026-10-05T02:59:33,335,full,GC16,1.235,True,,24560,7,2,0,1487980
2026-10-05T03:00:32,336,fast,DU,0.768,True,,24560,7,2,0,1489660
2026-10-05T03:01:32,337,fast,DU,0.746,True,,24560,7,2,0,1488944
2026-10-05T03:02:32,338,fast,DU,0.746,True,,24560,7,2,0,1489048
2026-10-05T03:03:32,339,fast,DU,0.745,True,,24560,7,2,0,1491240
2026-10-05T03:04:34,340,fault,GC16,2.234,True,expected error: DisplayTimeout: display not ready (busy line stayed low),25528,7,2,0,1485084
2026-10-05T03:04:36,340,recover,,2.628,True,,25528,7,2,0,1485052
2026-10-05T03:05:32,341,fast,DU,0.976,True,,25528,7,2,0,1481852
2026-10-05T03:06:32,342,fast,DU,0.746,True,,25528,7,2,0,1489832
2026-10-05T03:07:32,343,fast,DU,0.746,True,,25528,7,2,0,1488572
2026-10-05T03:08:32,344,fast,DU,0.746,True,,25528,7,2,0,1488636
2026-10-05T03:09:33,345,full,GC16,1.413,True,,24560,7,2,0,1488816
2026-10-05T03:10:32,346,fast,DU,0.763,True,,24560,7,2,0,1489568
2026-10-05T03:11:32,347,fast,DU,0.741,True,,24560,7,2,0,1490836
2026-10-05T03:12:32,348,fast,DU,0.746,True,,24560,7,2,0,1489992
2026-10-05T03:13:32,349,fast,DU,0.74,True,,24560,7,2,0,1490888
2026-10-05T03:14:34,350,fault,GC16,2.212,True,expected error: DisplayTimeout: display not ready (busy line stayed low),24560,7,2,0,1488188
2026-10-05T03:14:36,350,recover,,2.628,True,,24560,7,2,0,1489296
2026-10-05T03:15:32,351,fast,DU,0.97,True,,24560,7,2,0,1484884
2026-10-05T03:16:32,352,fast,DU,0.744,True,,24560,7,2,0,1488448
2026-10-05T03:17:32,353,fast,DU,0.746,True,,24560,7,2,0,1488960
2026-10-05T03:18:32,354,fast,DU,0.744,True,,24560,7,2,0,1487364
2026-10-05T03:19:33,355,full,GC16,1.263,True,,25528,7,2,0,1487548
2026-10-05T03:20:32,356,fast,DU,0.765,True,,25528,7,2,0,1487816
2026-10-05T03:21:32,357,fast,DU,0.741,True,,25528,7,2,0,1488412
2026-10-05T03:22:32,358,fast,DU,0.742,True,,25528,7,2,0,1487212
2026-10-05T03:23:32,359,fast,DU,0.742,True,,25528,7,2,0,1487796
2026-10-05T03:24:34,360,fault,GC16,2.306,True,expected error: DisplayTimeout: display not ready (busy line stayed low),24560,7,2,0,1492724
2026-10-05T03:24:36,360,recover,,2.629,True,,24560,7,2,0,1492264
2026-10-05T03:25:32,361,fast,DU,0.975,True,,24560,7,2,0,1480264
2026-10-05T03:26:32,362,fast,DU,0.746,True,,24560,7,2,0,1483212
2026-10-05T03:27:32,363,fast,DU,0.746,True,,24560,7,2,0,1484248
2026-10-05T03:28:32,364,fast,DU,0.742,True,,24560,7,2,0,1482512
2026-10-05T03:29:33,365,full,GC16,1.235,True,,24560,7,2,0,1481716
2026-10-05T03:30:32,366,fast,DU,0.767,True,,24560,7,2,0,1484220
2026-10-05T03:31:32,367,fast,DU,0.74,True,,24560,7,2,0,1484408
2026-10-05T03:32:32,368,fast,DU,0.746,True,,24560,7,2,0,1484948
2026-10-05T03:33:32,369,fast,DU,0.742,True,,24560,7,2,0,1483572
2026-10-05T03:34:34,370,fault,GC16,2.307,True,expected error: DisplayTimeout: display not ready (busy line stayed low),25528,7,2,0,1484268
2026-10-05T03:34:36,370,recover,,2.629,True,,25528,7,2,0,1484052
2026-10-05T03:35:32,371,fast,DU,0.976,True,,25528,7,2,0,1479688
2026-10-05T03:36:32,372,fast,DU,0.746,True,,25528,7,2,0,1483648
2026-10-05T03:37:32,373,fast,DU,0.746,True,,25528,7,2,0,1483248
2026-10-05T03:38:32,374,fast,DU,0.74,True,,25528,7,2,0,1484032
2026-10-05T03:39:33,375,full,GC16,1.267,True,,24560,7,2,0,1483932
2026-10-05T03:40:32,376,fast,DU,0.767,True,,24560,7,2,0,1485544
2026-10-05T03:41:32,377,fast,DU,0.742,True,,24560,7,2,0,1481776
2026-10-05T03:42:32,378,fast,DU,0.746,True,,24560,7,2,0,1484372
2026-10-05T03:43:32,379,fast,DU,0.746,True,,24560,7,2,0,1482908
2026-10-05T03:44:34,380,fault,GC16,2.221,True,expected error: DisplayTimeout: display not ready (busy line stayed low),24560,7,2,0,1481380
2026-10-05T03:44:36,380,recover,,2.628,True,,24560,7,2,0,1481380
2026-10-05T03:45:32,381,fast,DU,0.976,True,,24560,7,2,0,1480180
2026-10-05T03:46:32,382,fast,DU,0.746,True,,24560,7,2,0,1483436
2026-10-05T03:47:32,383,fast,DU,0.746,True,,24560,7,2,0,1484680
2026-10-05T03:48:32,384,fast,DU,0.746,True,,24560,7,2,0,1483020
2026-10-05T03:49:33,385,full,GC16,1.258,True,,25528,7,2,0,1485072
2026-10-05T03:50:32,386,fast,DU,0.767,True,,25528,7,2,0,1481564
2026-10-05T03:51:32,387,fast,DU,0.74,True,,25528,7,2,0,1483888
2026-10-05T03:52:32,388,fast,DU,0.746,True,,25528,7,2,0,1481620
2026-10-05T03:53:32,389,fast,DU,0.745,True,,25528,7,2,0,1482724
2026-10-05T03:54:34,390,fault,GC16,2.252,True,expected error: DisplayTimeout: display not ready (busy line stayed low),24560,7,2,0,1478916
2026-10-05T03:54:36,390,recover,,2.628,True,,24560,7,2,0,1479856
2026-10-05T03:55:32,391,fast,DU,0.976,True,,24560,7,2,0,1481192
2026-10-05T03:56:32,392,fast,DU,0.743,True,,24560,7,2,0,1482660
2026-10-05T03:57:32,393,fast,DU,0.746,True,,24560,7,2,0,1484464
2026-10-05T03:58:32,394,fast,DU,0.742,True,,24560,7,2,0,1484304
2026-10-05T03:59:33,395,full,GC16,1.235,True,,24560,7,2,0,1481472
2026-10-05T04:00:32,396,fast,DU,0.762,True,,24560,7,2,0,1482804
2026-10-05T04:01:32,397,fast,DU,0.746,True,,24560,7,2,0,1485972
2026-10-05T04:02:32,398,fast,DU,0.746,True,,24560,7,2,0,1483516
2026-10-05T04:03:32,399,fast,DU,0.746,True,,24560,7,2,0,1482684
2026-10-05T04:04:34,400,fault,GC16,2.217,True,expected error: DisplayTimeout: display not ready (busy line stayed low),25528,7,2,0,1483224
2026-10-05T04:04:36,400,recover,,2.628,True,,25528,7,2,0,1481460
2026-10-05T04:05:32,401,fast,DU,0.976,True,,25528,7,2,0,1477736
2026-10-05T04:06:32,402,fast,DU,0.746,True,,25528,7,2,0,1481456
2026-10-05T04:07:32,403,fast,DU,0.746,True,,25528,7,2,0,1483224
2026-10-05T04:08:32,404,fast,DU,0.744,True,,25528,7,2,0,1481744
2026-10-05T04:09:33,405,full,GC16,1.263,True,,24560,7,2,0,1480548
2026-10-05T04:10:32,406,fast,DU,0.767,True,,24560,7,2,0,1483924
2026-10-05T04:11:32,407,fast,DU,0.746,True,,24560,7,2,0,1483200
2026-10-05T04:12:32,408,fast,DU,0.746,True,,24560,7,2,0,1483064
2026-10-05T04:13:32,409,fast,DU,0.746,True,,24560,7,2,0,1482892
2026-10-05T04:14:34,410,fault,GC16,2.213,True,expected error: DisplayTimeout: display not ready (busy line stayed low),24560,7,2,0,1486060
2026-10-05T04:14:36,410,recover,,2.627,True,,24560,7,2,0,1484296
2026-10-05T04:15:32,411,fast,DU,0.976,True,,24560,7,2,0,1477308
2026-10-05T04:16:32,412,fast,DU,0.746,True,,24560,7,2,0,1483424
2026-10-05T04:17:32,413,fast,DU,0.746,True,,24560,7,2,0,1482992
2026-10-05T04:18:32,414,fast,DU,0.746,True,,24560,7,2,0,1484648
2026-10-05T04:19:33,415,full,GC16,1.258,True,,25528,7,2,0,1479300
2026-10-05T04:20:32,416,fast,DU,0.767,True,,25528,7,2,0,1482736
2026-10-05T04:21:32,417,fast,DU,0.746,True,,25528,7,2,0,1482088
2026-10-05T04:22:32,418,fast,DU,0.746,True,,25528,7,2,0,1480204
2026-10-05T04:23:32,419,fast,DU,0.746,True,,25528,7,2,0,1482244
2026-10-05T04:24:34,420,fault,GC16,2.233,True,expected error: DisplayTimeout: display not ready (busy line stayed low),24560,7,2,0,1483456
2026-10-05T04:24:36,420,recover,,2.627,True,,24560,7,2,0,1483428
2026-10-05T04:25:32,421,fast,DU,0.976,True,,24560,7,2,0,1477452
2026-10-05T04:26:32,422,fast,DU,0.746,True,,24560,7,2,0,1488572
2026-10-05T04:27:32,423,fast,DU,0.746,True,,24560,7,2,0,1487144
2026-10-05T04:28:32,424,fast,DU,0.742,True,,24560,7,2,0,1486812
2026-10-05T04:29:33,425,full,GC16,1.235,True,,24560,7,2,0,1489288
2026-10-05T04:30:32,426,fast,DU,0.766,True,,24560,7,2,0,1488684
2026-10-05T04:31:32,427,fast,DU,0.746,True,,24560,7,2,0,1487020
2026-10-05T04:32:32,428,fast,DU,0.746,True,,24560,7,2,0,1486144
2026-10-05T04:33:32,429,fast,DU,0.746,True,,24560,7,2,0,1489640
2026-10-05T04:34:34,430,fault,GC16,2.308,True,expected error: DisplayTimeout: display not ready (busy line stayed low),25528,7,2,0,1489920
2026-10-05T04:34:36,430,recover,,2.629,True,,25528,7,2,0,1487724
2026-10-05T04:35:32,431,fast,DU,0.97,True,,25532,7,2,0,1482424
2026-10-05T04:36:32,432,fast,DU,0.746,True,,25532,7,2,0,1485796
2026-10-05T04:37:32,433,fast,DU,0.741,True,,25532,7,2,0,1487748
2026-10-05T04:38:32,434,fast,DU,0.743,True,,25532,7,2,0,1486248
2026-10-05T04:39:33,435,full,GC16,1.249,True,,24564,7,2,0,1484644
2026-10-05T04:40:32,436,fast,DU,0.764,True,,24564,7,2,0,1484908
2026-10-05T04:41:32,437,fast,DU,0.746,True,,24564,7,2,0,1486580
2026-10-05T04:42:32,438,fast,DU,0.742,True,,24564,7,2,0,1484628
2026-10-05T04:43:32,439,fast,DU,0.743,True,,24564,7,2,0,1486788
2026-10-05T04:44:34,440,fault,GC16,2.212,True,expected error: DisplayTimeout: display not ready (busy line stayed low),24564,7,2,0,1482784
2026-10-05T04:44:36,440,recover,,2.628,True,,24564,7,2,0,1481596
2026-10-05T04:45:32,441,fast,DU,0.952,True,,24564,7,2,0,1481280
2026-10-05T04:46:32,442,fast,DU,0.746,True,,24564,7,2,0,1484956
2026-10-05T04:47:32,443,fast,DU,0.745,True,,24564,7,2,0,1487000
2026-10-05T04:48:32,444,fast,DU,0.746,True,,24564,7,2,0,1485288
2026-10-05T04:49:33,445,full,GC16,1.264,True,,25532,7,2,0,1483600
2026-10-05T04:50:32,446,fast,DU,0.768,True,,25532,7,2,0,1487680
2026-10-05T04:51:32,447,fast,DU,0.746,True,,25532,7,2,0,1486524
2026-10-05T04:52:32,448,fast,DU,0.742,True,,25532,7,2,0,1489940
2026-10-05T04:53:32,449,fast,DU,0.746,True,,25532,7,2,0,1487536
2026-10-05T04:54:34,450,fault,GC16,2.307,True,expected error: DisplayTimeout: display not ready (busy line stayed low),24564,7,2,0,1491616
2026-10-05T04:54:36,450,recover,,2.628,True,,24568,7,2,0,1489616
2026-10-05T04:55:32,451,fast,DU,0.976,True,,24568,7,2,0,1486504
2026-10-05T04:56:32,452,fast,DU,0.744,True,,24568,7,2,0,1489564
2026-10-05T04:57:32,453,fast,DU,0.743,True,,24568,7,2,0,1488996
2026-10-05T04:58:32,454,fast,DU,0.746,True,,24568,7,2,0,1488092
2026-10-05T04:59:33,455,full,GC16,1.235,True,,24568,7,2,0,1484440
2026-10-05T05:00:32,456,fast,DU,0.767,True,,24568,7,2,0,1488568
2026-10-05T05:01:32,457,fast,DU,0.746,True,,24568,7,2,0,1488664
2026-10-05T05:02:32,458,fast,DU,0.746,True,,24568,7,2,0,1489560
2026-10-05T05:03:32,459,fast,DU,0.741,True,,24568,7,2,0,1489740
2026-10-05T05:04:34,460,fault,GC16,2.309,True,expected error: DisplayTimeout: display not ready (busy line stayed low),25536,7,2,0,1486168
2026-10-05T05:04:36,460,recover,,2.629,True,,25536,7,2,0,1484444
2026-10-05T05:05:32,461,fast,DU,0.975,True,,25536,7,2,0,1482212
2026-10-05T05:06:32,462,fast,DU,0.746,True,,25536,7,2,0,1484976
2026-10-05T05:07:32,463,fast,DU,0.746,True,,25536,7,2,0,1487664
2026-10-05T05:08:32,464,fast,DU,0.742,True,,25536,7,2,0,1483632
2026-10-05T05:09:33,465,full,GC16,1.276,True,,24568,7,2,0,1483132
2026-10-05T05:10:32,466,fast,DU,0.766,True,,24568,7,2,0,1488480
2026-10-05T05:11:32,467,fast,DU,0.746,True,,24568,7,2,0,1485988
2026-10-05T05:12:32,468,fast,DU,0.746,True,,24568,7,2,0,1488620
2026-10-05T05:13:32,469,fast,DU,0.746,True,,24568,7,2,0,1487668
2026-10-05T05:14:34,470,fault,GC16,2.219,True,expected error: DisplayTimeout: display not ready (busy line stayed low),24568,7,2,0,1490012
2026-10-05T05:14:36,470,recover,,2.628,True,,24568,7,2,0,1487972
2026-10-05T05:15:32,471,fast,DU,0.976,True,,24568,7,2,0,1482904
2026-10-05T05:16:32,472,fast,DU,0.746,True,,24568,7,2,0,1486004
2026-10-05T05:17:32,473,fast,DU,0.746,True,,24568,7,2,0,1487580
2026-10-05T05:18:32,474,fast,DU,0.746,True,,24568,7,2,0,1486600
2026-10-05T05:19:33,475,full,GC16,1.418,True,,25536,7,2,0,1487540
2026-10-05T05:20:32,476,fast,DU,0.766,True,,25536,7,2,0,1486060
2026-10-05T05:21:32,477,fast,DU,0.744,True,,25536,7,2,0,1486172
2026-10-05T05:22:32,478,fast,DU,0.742,True,,25536,7,2,0,1482272
2026-10-05T05:23:32,479,fast,DU,0.742,True,,25536,7,2,0,1485220
2026-10-05T05:24:34,480,fault,GC16,2.252,True,expected error: DisplayTimeout: display not ready (busy line stayed low),24568,7,2,0,1486664
2026-10-05T05:24:36,480,recover,,2.628,True,,24568,7,2,0,1486424
2026-10-05T05:25:32,481,fast,DU,0.976,True,,24568,7,2,0,1482312
2026-10-05T05:26:32,482,fast,DU,0.746,True,,24568,7,2,0,1486208
2026-10-05T05:27:32,483,fast,DU,0.746,True,,24568,7,2,0,1487700
2026-10-05T05:28:32,484,fast,DU,0.743,True,,24568,7,2,0,1485676
2026-10-05T05:29:33,485,full,GC16,1.235,True,,24568,7,2,0,1482976
2026-10-05T05:30:32,486,fast,DU,0.767,True,,24568,7,2,0,1487692
2026-10-05T05:31:32,487,fast,DU,0.746,True,,24568,7,2,0,1485308
2026-10-05T05:32:32,488,fast,DU,0.746,True,,24568,7,2,0,1485156
2026-10-05T05:33:32,489,fast,DU,0.746,True,,24568,7,2,0,1484696
2026-10-05T05:34:34,490,fault,GC16,2.218,True,expected error: DisplayTimeout: display not ready (busy line stayed low),25536,7,2,0,1483968
2026-10-05T05:34:36,490,recover,,2.628,True,,25536,7,2,0,1484184
2026-10-05T05:35:32,491,fast,DU,0.973,True,,25536,7,2,0,1480592
2026-10-05T05:36:32,492,fast,DU,0.746,True,,25536,7,2,0,1483788
2026-10-05T05:37:32,493,fast,DU,0.746,True,,25536,7,2,0,1485072
2026-10-05T05:38:32,494,fast,DU,0.746,True,,25536,7,2,0,1483840
2026-10-05T05:39:33,495,full,GC16,1.442,True,,24568,7,2,0,1485836
2026-10-05T05:40:32,496,fast,DU,0.764,True,,24568,7,2,0,1483856
2026-10-05T05:41:32,497,fast,DU,0.746,True,,24568,7,2,0,1484284
2026-10-05T05:42:32,498,fast,DU,0.746,True,,24568,7,2,0,1484072
2026-10-05T05:43:32,499,fast,DU,0.742,True,,24568,7,2,0,1486852
2026-10-05T05:44:34,500,fault,GC16,2.212,True,expected error: DisplayTimeout: display not ready (busy line stayed low),24568,7,2,0,1484768
2026-10-05T05:44:36,500,recover,,2.628,True,,24568,7,2,0,1480780
2026-10-05T05:45:32,501,fast,DU,0.975,True,,24568,7,2,0,1479980
2026-10-05T05:46:32,502,fast,DU,0.746,True,,24568,7,2,0,1483760
2026-10-05T05:47:32,503,fast,DU,0.746,True,,24568,7,2,0,1484796
2026-10-05T05:48:32,504,fast,DU,0.746,True,,24568,7,2,0,1485076
2026-10-05T05:49:33,505,full,GC16,1.432,True,,25536,7,2,0,1485104
2026-10-05T05:50:32,506,fast,DU,0.767,True,,25536,7,2,0,1485520
2026-10-05T05:51:32,507,fast,DU,0.742,True,,25536,7,2,0,1484272
2026-10-05T05:52:32,508,fast,DU,0.746,True,,25536,7,2,0,1484136
2026-10-05T05:53:32,509,fast,DU,0.746,True,,25536,7,2,0,1484876
2026-10-05T05:54:34,510,fault,GC16,2.232,True,expected error: DisplayTimeout: display not ready (busy line stayed low),24568,7,2,0,1475460
2026-10-05T05:54:36,510,recover,,2.628,True,,24568,7,2,0,1477572
2026-10-05T05:55:32,511,fast,DU,0.952,True,,24568,7,2,0,1449472
2026-10-05T05:56:32,512,fast,DU,0.746,True,,24568,7,2,0,1461768
2026-10-05T05:57:32,513,fast,DU,0.722,True,,24568,7,2,0,1432608
2026-10-05T05:58:32,514,fast,DU,0.746,True,,24568,7,2,0,1445232
2026-10-05T05:59:33,515,full,GC16,1.235,True,,24568,7,2,0,1401480
2026-10-05T06:00:32,516,fast,DU,0.744,True,,24568,7,2,0,1434404
2026-10-05T06:01:32,517,fast,DU,0.722,True,,24568,7,2,0,1403848
2026-10-05T06:02:32,518,fast,DU,0.725,True,,24568,7,2,0,1356424
2026-10-05T06:03:32,519,fast,DU,0.746,True,,24568,7,2,0,1389624
2026-10-05T06:04:34,520,fault,GC16,2.243,True,expected error: DisplayTimeout: display not ready (busy line stayed low),25536,7,2,0,1150296
2026-10-05T06:04:36,520,recover,,2.627,True,,25536,7,2,0,1142740
2026-10-05T06:05:32,521,fast,DU,0.976,True,,25536,7,2,0,1206184
2026-10-05T06:06:32,522,fast,DU,0.74,True,,25536,7,2,0,1149432
2026-10-05T06:07:32,523,fast,DU,0.746,True,,25536,7,2,0,1190768
2026-10-05T06:08:32,524,fast,DU,0.746,True,,25536,7,2,0,1150196
2026-10-05T06:09:33,525,full,GC16,1.258,True,,24568,7,2,0,1185576
2026-10-05T06:10:32,526,fast,DU,0.762,True,,24568,7,2,0,1188180
2026-10-05T06:11:32,527,fast,DU,0.746,True,,24568,7,2,0,1146496
2026-10-05T06:12:32,528,fast,DU,0.746,True,,24568,7,2,0,1144912
2026-10-05T06:13:32,529,fast,DU,0.746,True,,24568,7,2,0,1166604
2026-10-05T06:14:34,530,fault,GC16,2.213,True,expected error: DisplayTimeout: display not ready (busy line stayed low),24568,7,2,0,1154008
2026-10-05T06:14:36,530,recover,,2.628,True,,24568,7,2,0,1155240
2026-10-05T06:15:32,531,fast,DU,0.952,True,,24568,7,2,0,1142148
2026-10-05T06:16:32,532,fast,DU,0.746,True,,24568,7,2,0,1162048
2026-10-05T06:17:32,533,fast,DU,0.722,True,,24568,7,2,0,1134520
2026-10-05T06:18:32,534,fast,DU,0.722,True,,24568,7,2,0,1161956
2026-10-05T06:19:33,535,full,GC16,1.252,True,,25536,7,2,0,1144856
2026-10-05T06:20:32,536,fast,DU,0.767,True,,25536,7,2,0,1131852
2026-10-05T06:21:32,537,fast,DU,0.722,True,,25536,7,2,0,1136668
2026-10-05T06:22:32,538,fast,DU,0.722,True,,25536,7,2,0,1153944
2026-10-05T06:23:32,539,fast,DU,0.746,True,,25536,7,2,0,1160320
2026-10-05T06:24:34,540,fault,GC16,2.213,True,expected error: DisplayTimeout: display not ready (busy line stayed low),24568,7,2,0,1067760
2026-10-05T06:24:36,540,recover,,2.628,True,,24568,7,2,0,1058944
2026-10-05T06:25:32,541,fast,DU,0.953,True,,24568,7,2,0,1135248
2026-10-05T06:26:32,542,fast,DU,0.74,True,,24568,7,2,0,1081580
2026-10-05T06:27:32,543,fast,DU,0.722,True,,24568,7,2,0,1028116
2026-10-05T06:28:32,544,fast,DU,0.723,True,,24568,7,2,0,1078940
2026-10-05T06:29:33,545,full,GC16,1.249,True,,24568,7,2,0,1098304
2026-10-05T06:30:32,546,fast,DU,0.771,True,,24568,7,2,0,632784
2026-10-05T06:31:32,547,fast,DU,0.722,True,,24568,7,2,0,644420
2026-10-05T06:32:32,548,fast,DU,0.74,True,,24568,7,2,0,645972
2026-10-05T06:33:32,549,fast,DU,0.722,True,,24568,7,2,0,820292
2026-10-05T06:34:34,550,fault,GC16,2.214,True,expected error: DisplayTimeout: display not ready (busy line stayed low),25536,7,2,0,571392
2026-10-05T06:34:36,550,recover,,2.628,True,,25540,7,2,0,566424
2026-10-05T06:35:32,551,fast,DU,0.966,True,,25540,7,2,0,645684
2026-10-05T06:36:32,552,fast,DU,0.746,True,,25540,7,2,0,816948
2026-10-05T06:37:32,553,fast,DU,0.746,True,,25540,7,2,0,855104
2026-10-05T06:38:32,554,fast,DU,0.723,True,,25540,7,2,0,869368
2026-10-05T06:39:33,555,full,GC16,1.237,True,,24572,7,2,0,924532
2026-10-05T06:40:32,556,fast,DU,0.745,True,,24572,7,2,0,898268
2026-10-05T06:41:32,557,fast,DU,0.747,True,,24572,7,2,0,916428
2026-10-05T06:42:32,558,fast,DU,0.723,True,,24572,7,2,0,923608
2026-10-05T06:43:32,559,fast,DU,0.747,True,,24572,7,2,0,981380
2026-10-05T06:44:34,560,fault,GC16,2.215,True,expected error: DisplayTimeout: display not ready (busy line stayed low),24572,7,2,0,976152
2026-10-05T06:44:36,560,recover,,2.628,True,,24572,7,2,0,975184
2026-10-05T06:45:32,561,fast,DU,0.977,True,,24572,7,2,0,978268
2026-10-05T06:46:32,562,fast,DU,0.723,True,,24572,7,2,0,981104
2026-10-05T06:47:32,563,fast,DU,0.723,True,,24572,7,2,0,981600
2026-10-05T06:48:32,564,fast,DU,0.743,True,,24572,7,2,0,983524
2026-10-05T06:49:33,565,full,GC16,1.405,True,,25540,7,2,0,975548
2026-10-05T06:50:32,566,fast,DU,0.745,True,,25540,7,2,0,926084
2026-10-05T06:51:32,567,fast,DU,0.723,True,,25540,7,2,0,960748
2026-10-05T06:52:32,568,fast,DU,0.723,True,,25540,7,2,0,898268
2026-10-05T06:53:32,569,fast,DU,0.724,True,,25540,7,2,0,772592
2026-10-05T06:54:34,570,fault,GC16,2.242,True,expected error: DisplayTimeout: display not ready (busy line stayed low),24572,7,2,0,823844
2026-10-05T06:54:36,570,recover,,2.628,True,,24572,7,2,0,833768
2026-10-05T06:55:32,571,fast,DU,0.953,True,,24572,7,2,0,854164
2026-10-05T06:56:32,572,fast,DU,0.723,True,,24572,7,2,0,817440
2026-10-05T06:57:32,573,fast,DU,0.723,True,,24572,7,2,0,817916
2026-10-05T06:58:32,574,fast,DU,0.723,True,,24572,7,2,0,816840
2026-10-05T06:59:33,575,full,GC16,1.237,True,,24572,7,2,0,845372
2026-10-05T07:00:32,576,fast,DU,0.745,True,,24572,7,2,0,844544
2026-10-05T07:01:32,577,fast,DU,0.723,True,,24572,7,2,0,858712
2026-10-05T07:02:32,578,fast,DU,0.723,True,,24572,7,2,0,873296
2026-10-05T07:03:32,579,fast,DU,0.723,True,,24572,7,2,0,844428
2026-10-05T07:04:34,580,fault,GC16,2.308,True,expected error: DisplayTimeout: display not ready (busy line stayed low),25540,7,2,0,835124
2026-10-05T07:04:36,580,recover,,2.628,True,,25540,7,2,0,833348
2026-10-05T07:05:32,581,fast,DU,0.953,True,,25540,7,2,0,779892
2026-10-05T07:06:32,582,fast,DU,0.741,True,,25540,7,2,0,767008
2026-10-05T07:07:32,583,fast,DU,0.723,True,,25540,7,2,0,728256
2026-10-05T07:08:32,584,fast,DU,0.723,True,,25540,7,2,0,753032
2026-10-05T07:09:33,585,full,GC16,1.269,True,,24572,7,2,0,746664
2026-10-05T07:10:32,586,fast,DU,0.759,True,,24572,7,2,0,715152
2026-10-05T07:11:32,587,fast,DU,0.747,True,,24572,7,2,0,705088
2026-10-05T07:12:32,588,fast,DU,0.723,True,,24572,7,2,0,728684
2026-10-05T07:13:32,589,fast,DU,0.723,True,,24572,7,2,0,647416
2026-10-05T07:14:34,590,fault,GC16,2.223,True,expected error: DisplayTimeout: display not ready (busy line stayed low),24572,7,2,0,684672
2026-10-05T07:14:36,590,recover,,2.628,True,,24572,7,2,0,669756
2026-10-05T07:15:32,591,fast,DU,0.968,True,,24572,7,2,0,710536
2026-10-05T07:16:32,592,fast,DU,0.741,True,,24572,7,2,0,724508
2026-10-05T07:17:32,593,fast,DU,0.723,True,,24572,7,2,0,725576
2026-10-05T07:18:32,594,fast,DU,0.723,True,,24572,7,2,0,741436
2026-10-05T07:19:33,595,full,GC16,1.241,True,,25540,7,2,0,669400
2026-10-05T07:20:32,596,fast,DU,0.745,True,,25540,7,2,0,662692
2026-10-05T07:21:32,597,fast,DU,0.723,True,,25540,7,2,0,675504
2026-10-05T07:22:32,598,fast,DU,0.723,True,,25540,7,2,0,717788
2026-10-05T07:23:32,599,fast,DU,0.722,True,,25540,7,2,0,724888
2026-10-05T07:24:34,600,fault,GC16,2.214,True,expected error: DisplayTimeout: display not ready (busy line stayed low),24572,7,2,0,775312
2026-10-05T07:24:36,600,recover,,2.628,True,,24572,7,2,0,776256
2026-10-05T07:25:32,601,fast,DU,0.973,True,,24572,7,2,0,782488
2026-10-05T07:26:32,602,fast,DU,0.722,True,,24572,7,2,0,805832
2026-10-05T07:27:32,603,fast,DU,0.722,True,,24572,7,2,0,810944
2026-10-05T07:28:32,604,fast,DU,0.747,True,,24572,7,2,0,860764
2026-10-05T07:29:33,605,full,GC16,1.235,True,,24572,7,2,0,861092
2026-10-05T07:30:32,606,fast,DU,0.769,True,,24572,7,2,0,851852
2026-10-05T07:31:32,607,fast,DU,0.747,True,,24572,7,2,0,865656
2026-10-05T07:32:32,608,fast,DU,0.747,True,,24572,7,2,0,863732
2026-10-05T07:33:32,609,fast,DU,0.744,True,,24572,7,2,0,864024
2026-10-05T07:34:34,610,fault,GC16,2.238,True,expected error: DisplayTimeout: display not ready (busy line stayed low),25540,7,2,0,850804
2026-10-05T07:34:36,610,recover,,2.628,True,,25540,7,2,0,850564
2026-10-05T07:35:32,611,fast,DU,0.977,True,,25540,7,2,0,857628
2026-10-05T07:36:32,612,fast,DU,0.722,True,,25540,7,2,0,886560
2026-10-05T07:37:32,613,fast,DU,0.722,True,,25540,7,2,0,887292
2026-10-05T07:38:32,614,fast,DU,0.742,True,,25540,7,2,0,889376
2026-10-05T07:39:33,615,full,GC16,1.244,True,,24572,7,2,0,852060
2026-10-05T07:40:32,616,fast,DU,0.769,True,,24572,7,2,0,770828
2026-10-05T07:41:32,617,fast,DU,0.723,True,,24572,7,2,0,749540
2026-10-05T07:42:32,618,fast,DU,0.722,True,,24572,7,2,0,779316
2026-10-05T07:43:32,619,fast,DU,0.744,True,,24572,7,2,0,809968
2026-10-05T07:44:34,620,fault,GC16,2.223,True,expected error: DisplayTimeout: display not ready (busy line stayed low),24572,7,2,0,767528
2026-10-05T07:44:36,620,recover,,2.628,True,,24572,7,2,0,763832
2026-10-05T07:45:32,621,fast,DU,0.952,True,,24572,7,2,0,763180
2026-10-05T07:46:32,622,fast,DU,0.722,True,,24572,7,2,0,759140
2026-10-05T07:47:32,623,fast,DU,0.723,True,,24572,7,2,0,700048
2026-10-05T07:48:32,624,fast,DU,0.722,True,,24572,7,2,0,743324
2026-10-05T07:49:33,625,full,GC16,1.235,True,,25540,7,2,0,784592
2026-10-05T07:50:32,626,fast,DU,0.763,True,,25540,7,2,0,756012
2026-10-05T07:51:32,627,fast,DU,0.747,True,,25540,7,2,0,777228
2026-10-05T07:52:32,628,fast,DU,0.722,True,,25540,7,2,0,757052
2026-10-05T07:53:32,629,fast,DU,0.722,True,,25540,7,2,0,779452
2026-10-05T07:54:34,630,fault,GC16,2.217,True,expected error: DisplayTimeout: display not ready (busy line stayed low),24572,7,2,0,769984
2026-10-05T07:54:36,630,recover,,2.628,True,,24572,7,2,0,768124
2026-10-05T07:55:32,631,fast,DU,0.952,True,,24572,7,2,0,753248
2026-10-05T07:56:32,632,fast,DU,0.744,True,,24572,7,2,0,758996
2026-10-05T07:57:32,633,fast,DU,0.747,True,,24572,7,2,0,776196
2026-10-05T07:58:32,634,fast,DU,0.747,True,,24572,7,2,0,757480
2026-10-05T07:59:33,635,full,GC16,1.241,True,,24572,7,2,0,756612
2026-10-05T08:00:32,636,fast,DU,0.763,True,,24572,7,2,0,744440
2026-10-05T08:01:32,637,fast,DU,0.741,True,,24572,7,2,0,735940
2026-10-05T08:02:32,638,fast,DU,0.741,True,,24572,7,2,0,715060
2026-10-05T08:03:32,639,fast,DU,0.743,True,,24572,7,2,0,763592
2026-10-05T08:04:34,640,fault,GC16,2.213,True,expected error: DisplayTimeout: display not ready (busy line stayed low),25540,7,2,0,746020
2026-10-05T08:04:36,640,recover,,2.628,True,,25540,7,2,0,751592
2026-10-05T08:05:32,641,fast,DU,0.953,True,,25544,7,2,0,740908
2026-10-05T08:06:32,642,fast,DU,0.722,True,,25544,7,2,0,714712
2026-10-05T08:07:32,643,fast,DU,0.747,True,,25544,7,2,0,762580
2026-10-05T08:08:32,644,fast,DU,0.747,True,,25544,7,2,0,765860
2026-10-05T08:09:33,645,full,GC16,1.249,True,,24576,7,2,0,765076
2026-10-05T08:10:32,646,fast,DU,0.769,True,,24576,7,2,0,768380
2026-10-05T08:11:32,647,fast,DU,0.722,True,,24576,7,2,0,770936
2026-10-05T08:12:32,648,fast,DU,0.724,True,,24576,7,2,0,773120
2026-10-05T08:13:32,649,fast,DU,0.743,True,,24576,7,2,0,775484
2026-10-05T08:14:34,650,fault,GC16,2.214,True,expected error: DisplayTimeout: display not ready (busy line stayed low),24576,7,2,0,765964
2026-10-05T08:14:36,650,recover,,2.628,True,,24576,7,2,0,767008
2026-10-05T08:15:32,651,fast,DU,0.967,True,,24576,7,2,0,771644
2026-10-05T08:16:32,652,fast,DU,0.741,True,,24576,7,2,0,770292
2026-10-05T08:17:32,653,fast,DU,0.747,True,,24576,7,2,0,773192
2026-10-05T08:18:32,654,fast,DU,0.747,True,,24576,7,2,0,769808
2026-10-05T08:19:33,655,full,GC16,1.239,True,,25544,7,2,0,771320
2026-10-05T08:20:32,656,fast,DU,0.768,True,,25544,7,2,0,770456
2026-10-05T08:21:32,657,fast,DU,0.746,True,,25544,7,2,0,771632
2026-10-05T08:22:32,658,fast,DU,0.746,True,,25544,7,2,0,769216
2026-10-05T08:23:32,659,fast,DU,0.744,True,,25544,7,2,0,770392
2026-10-05T08:24:34,660,fault,GC16,2.309,True,expected error: DisplayTimeout: display not ready (busy line stayed low),24576,7,2,0,764552
2026-10-05T08:24:36,660,recover,,2.628,True,,24576,7,2,0,766160
2026-10-05T08:25:32,661,fast,DU,0.976,True,,24576,7,2,0,770456
2026-10-05T08:26:32,662,fast,DU,0.722,True,,24576,7,2,0,772048
2026-10-05T08:27:32,663,fast,DU,0.722,True,,24576,7,2,0,768808
2026-10-05T08:28:32,664,fast,DU,0.736,True,,24576,7,2,0,770892
2026-10-05T08:29:33,665,full,GC16,1.235,True,,24576,7,2,0,768528
2026-10-05T08:30:32,666,fast,DU,0.746,True,,24576,7,2,0,761020
2026-10-05T08:31:32,667,fast,DU,0.722,True,,24576,7,2,0,769348
2026-10-05T08:32:32,668,fast,DU,0.746,True,,24576,7,2,0,770152
2026-10-05T08:33:32,669,fast,DU,0.744,True,,24576,7,2,0,767780
2026-10-05T08:34:34,670,fault,GC16,2.213,True,expected error: DisplayTimeout: display not ready (busy line stayed low),25544,7,2,0,762440
2026-10-05T08:34:36,670,recover,,2.628,True,,25544,7,2,0,762444
2026-10-05T08:35:32,671,fast,DU,0.952,True,,25544,7,2,0,760824
2026-10-05T08:36:32,672,fast,DU,0.722,True,,25544,7,2,0,761184
2026-10-05T08:37:32,673,fast,DU,0.722,True,,25544,7,2,0,767064
2026-10-05T08:38:32,674,fast,DU,0.741,True,,25544,7,2,0,762548
2026-10-05T08:39:33,675,full,GC16,1.237,True,,24576,7,2,0,769820
2026-10-05T08:40:32,676,fast,DU,0.744,True,,24576,7,2,0,767552
2026-10-05T08:41:32,677,fast,DU,0.722,True,,24576,7,2,0,766996
2026-10-05T08:42:32,678,fast,DU,0.73,True,,24576,7,2,0,767032
2026-10-05T08:43:32,679,fast,DU,0.746,True,,24576,7,2,0,765616
2026-10-05T08:44:34,680,fault,GC16,2.213,True,expected error: DisplayTimeout: display not ready (busy line stayed low),24576,7,2,0,758620
2026-10-05T08:44:36,680,recover,,2.628,True,,24576,7,2,0,759184
2026-10-05T08:45:32,681,fast,DU,0.952,True,,24576,7,2,0,756520
2026-10-05T08:46:32,682,fast,DU,0.722,True,,24576,7,2,0,761172
2026-10-05T08:47:32,683,fast,DU,0.746,True,,24576,7,2,0,765252
2026-10-05T08:48:32,684,fast,DU,0.722,True,,24576,7,2,0,761324
2026-10-05T08:49:33,685,full,GC16,1.268,True,,25544,7,2,0,758896
2026-10-05T08:50:32,686,fast,DU,0.763,True,,25544,7,2,0,758920
2026-10-05T08:51:32,687,fast,DU,0.722,True,,25544,7,2,0,759688
2026-10-05T08:52:32,688,fast,DU,0.722,True,,25544,7,2,0,762284
2026-10-05T08:53:32,689,fast,DU,0.722,True,,25544,7,2,0,759552
2026-10-05T08:54:34,690,fault,GC16,2.307,True,expected error: DisplayTimeout: display not ready (busy line stayed low),24576,7,2,0,757772
2026-10-05T08:54:36,690,recover,,2.628,True,,24576,7,2,0,757860
2026-10-05T08:55:32,691,fast,DU,0.952,True,,24576,7,2,0,755432
2026-10-05T08:56:32,692,fast,DU,0.742,True,,24576,7,2,0,754792
2026-10-05T08:57:32,693,fast,DU,0.745,True,,24576,7,2,0,760540
2026-10-05T08:58:32,694,fast,DU,0.722,True,,24576,7,2,0,757148
2026-10-05T08:59:33,695,full,GC16,1.236,True,,24576,7,2,0,759308
2026-10-05T09:00:32,696,fast,DU,0.769,True,,24576,7,2,0,758640
2026-10-05T09:01:32,697,fast,DU,0.724,True,,24576,7,2,0,759220
2026-10-05T09:02:32,698,fast,DU,0.722,True,,24576,7,2,0,755332
2026-10-05T09:03:32,699,fast,DU,0.746,True,,24576,7,2,0,759492
2026-10-05T09:04:34,700,fault,GC16,2.236,True,expected error: DisplayTimeout: display not ready (busy line stayed low),25544,7,2,0,746836
2026-10-05T09:04:36,700,recover,,2.628,True,,25544,7,2,0,747328
2026-10-05T09:05:32,701,fast,DU,0.976,True,,25544,7,2,0,753428
2026-10-05T09:06:32,702,fast,DU,0.746,True,,25544,7,2,0,751528
2026-10-05T09:07:32,703,fast,DU,0.722,True,,25544,7,2,0,756704
2026-10-05T09:08:32,704,fast,DU,0.746,True,,25544,7,2,0,754532
2026-10-05T09:09:33,705,full,GC16,1.266,True,,24576,7,2,0,758972
2026-10-05T09:10:32,706,fast,DU,0.768,True,,24576,7,2,0,757976
2026-10-05T09:11:32,707,fast,DU,0.746,True,,24576,7,2,0,756372
2026-10-05T09:12:32,708,fast,DU,0.746,True,,24576,7,2,0,756744
2026-10-05T09:13:32,709,fast,DU,0.742,True,,24576,7,2,0,755520
2026-10-05T09:14:34,710,fault,GC16,2.309,True,expected error: DisplayTimeout: display not ready (busy line stayed low),24576,7,2,0,755132
2026-10-05T09:14:36,710,recover,,2.629,True,,24576,7,2,0,755936
2026-10-05T09:15:32,711,fast,DU,0.952,True,,24576,7,2,0,753396
2026-10-05T09:16:32,712,fast,DU,0.722,True,,24576,7,2,0,749004
2026-10-05T09:17:32,713,fast,DU,0.746,True,,24576,7,2,0,754976
2026-10-05T09:18:32,714,fast,DU,0.746,True,,24576,7,2,0,751268
2026-10-05T09:19:33,715,full,GC16,1.434,True,,25544,7,2,0,754484
2026-10-05T09:20:32,716,fast,DU,0.762,True,,25544,7,2,0,754068
2026-10-05T09:21:32,717,fast,DU,0.746,True,,25544,7,2,0,750528
2026-10-05T09:22:32,718,fast,DU,0.746,True,,25544,7,2,0,752560
2026-10-05T09:23:32,719,fast,DU,0.746,True,,25544,7,2,0,751200
2026-10-05T09:24:34,720,fault,GC16,2.23,True,expected error: DisplayTimeout: display not ready (busy line stayed low),24576,7,2,0,754816
2026-10-05T09:24:36,720,recover,,2.628,True,,24576,7,2,0,749952
2026-10-05T09:25:32,721,fast,DU,0.952,True,,24576,7,2,0,762176
2026-10-05T09:26:32,722,fast,DU,0.722,True,,24576,7,2,0,768024
2026-10-05T09:27:32,723,fast,DU,0.743,True,,24576,7,2,0,768036
2026-10-05T09:28:32,724,fast,DU,0.722,True,,24576,7,2,0,768452
2026-10-05T09:29:33,725,full,GC16,1.239,True,,24576,7,2,0,765236
2026-10-05T09:30:32,726,fast,DU,0.744,True,,24576,7,2,0,755452
2026-10-05T09:31:32,727,fast,DU,0.722,True,,24576,7,2,0,764092
2026-10-05T09:32:32,728,fast,DU,0.722,True,,24576,7,2,0,762784
2026-10-05T09:33:32,729,fast,DU,0.746,True,,24576,7,2,0,759036
2026-10-05T09:34:34,730,fault,GC16,2.213,True,expected error: DisplayTimeout: display not ready (busy line stayed low),25544,7,2,0,786356
2026-10-05T09:34:36,730,recover,,2.628,True,,25544,7,2,0,789112
2026-10-05T09:35:32,731,fast,DU,0.952,True,,25544,7,2,0,790292
2026-10-05T09:36:32,732,fast,DU,0.746,True,,25544,7,2,0,795908
2026-10-05T09:37:32,733,fast,DU,0.746,True,,25544,7,2,0,794296
2026-10-05T09:38:32,734,fast,DU,0.746,True,,25544,7,2,0,793976
2026-10-05T09:39:33,735,full,GC16,1.428,True,,24576,7,2,0,793472
2026-10-05T09:40:32,736,fast,DU,0.765,True,,24576,7,2,0,796452
2026-10-05T09:41:32,737,fast,DU,0.74,True,,24576,7,2,0,797100
2026-10-05T09:42:32,738,fast,DU,0.746,True,,24576,7,2,0,795100
2026-10-05T09:43:32,739,fast,DU,0.722,True,,24576,7,2,0,795720
2026-10-05T09:44:34,740,fault,GC16,2.212,True,expected error: DisplayTimeout: display not ready (busy line stayed low),24576,7,2,0,792668
2026-10-05T09:44:36,740,recover,,2.628,True,,24576,7,2,0,791968
2026-10-05T09:45:32,741,fast,DU,0.973,True,,24576,7,2,0,790464
2026-10-05T09:46:32,742,fast,DU,0.746,True,,24576,7,2,0,792832
2026-10-05T09:47:32,743,fast,DU,0.722,True,,24576,7,2,0,789264
2026-10-05T09:48:32,744,fast,DU,0.741,True,,24576,7,2,0,793964
2026-10-05T09:49:33,745,full,GC16,1.236,True,,25544,7,2,0,790368
2026-10-05T09:50:32,746,fast,DU,0.744,True,,25544,7,2,0,790888
2026-10-05T09:51:32,747,fast,DU,0.722,True,,25544,7,2,0,793120
2026-10-05T09:52:32,748,fast,DU,0.722,True,,25544,7,2,0,789724
2026-10-05T09:53:32,749,fast,DU,0.743,True,,25544,7,2,0,794476
2026-10-05T09:54:34,750,fault,GC16,2.248,True,expected error: DisplayTimeout: display not ready (busy line stayed low),24576,7,2,0,785312
2026-10-05T09:54:36,750,recover,,2.628,True,,24576,7,2,0,786012
2026-10-05T09:55:32,751,fast,DU,0.976,True,,24576,7,2,0,785168
2026-10-05T09:56:32,752,fast,DU,0.722,True,,24576,7,2,0,788800
2026-10-05T09:57:32,753,fast,DU,0.742,True,,24576,7,2,0,792736
2026-10-05T09:58:32,754,fast,DU,0.722,True,,24576,7,2,0,789592
2026-10-05T09:59:33,755,full,GC16,1.236,True,,24576,7,2,0,783412
2026-10-05T10:00:32,756,fast,DU,0.769,True,,24576,7,2,0,788136
2026-10-05T10:01:32,757,fast,DU,0.746,True,,24576,7,2,0,788376
2026-10-05T10:02:32,758,fast,DU,0.746,True,,24576,7,2,0,793316
2026-10-05T10:03:32,759,fast,DU,0.744,True,,24576,7,2,0,788976
2026-10-05T10:04:34,760,fault,GC16,2.213,True,expected error: DisplayTimeout: display not ready (busy line stayed low),25548,7,2,0,783584
2026-10-05T10:04:36,760,recover,,2.628,True,,25548,7,2,0,778904
2026-10-05T10:05:32,761,fast,DU,0.976,True,,25548,7,2,0,784220
2026-10-05T10:06:32,762,fast,DU,0.722,True,,25548,7,2,0,781324
2026-10-05T10:07:32,763,fast,DU,0.722,True,,25548,7,2,0,787064
2026-10-05T10:08:32,764,fast,DU,0.746,True,,25548,7,2,0,783648
2026-10-05T10:09:33,765,full,GC16,1.263,True,,24580,7,2,0,782740
2026-10-05T10:10:32,766,fast,DU,0.744,True,,24580,7,2,0,785756
2026-10-05T10:11:32,767,fast,DU,0.745,True,,24580,7,2,0,788032
2026-10-05T10:12:32,768,fast,DU,0.722,True,,24580,7,2,0,785232
2026-10-05T10:13:32,769,fast,DU,0.723,True,,24580,7,2,0,785016
2026-10-05T10:14:34,770,fault,GC16,2.214,True,expected error: DisplayTimeout: display not ready (busy line stayed low),24580,7,2,0,784280
2026-10-05T10:14:36,770,recover,,2.628,True,,24580,7,2,0,782060
2026-10-05T10:15:32,771,fast,DU,0.973,True,,24580,7,2,0,784272
2026-10-05T10:16:32,772,fast,DU,0.742,True,,24580,7,2,0,779444
2026-10-05T10:17:32,773,fast,DU,0.722,True,,24580,7,2,0,780012
2026-10-05T10:18:32,774,fast,DU,0.746,True,,24580,7,2,0,782244
2026-10-05T10:19:33,775,full,GC16,1.236,True,,25548,7,2,0,782488
2026-10-05T10:20:32,776,fast,DU,0.744,True,,25548,7,2,0,779500
2026-10-05T10:21:32,777,fast,DU,0.743,True,,25548,7,2,0,781756
2026-10-05T10:22:32,778,fast,DU,0.722,True,,25548,7,2,0,782292
2026-10-05T10:23:32,779,fast,DU,0.746,True,,25548,7,2,0,780832
2026-10-05T10:24:34,780,fault,GC16,2.308,True,expected error: DisplayTimeout: display not ready (busy line stayed low),24580,7,2,0,783548
2026-10-05T10:24:36,780,recover,,2.628,True,,24580,7,2,0,783404
2026-10-05T10:25:32,781,fast,DU,0.973,True,,24580,7,2,0,782752
2026-10-05T10:26:32,782,fast,DU,0.722,True,,24580,7,2,0,788448
2026-10-05T10:27:32,783,fast,DU,0.743,True,,24580,7,2,0,789788
2026-10-05T10:28:32,784,fast,DU,0.741,True,,24580,7,2,0,788476
2026-10-05T10:29:33,785,full,GC16,1.236,True,,24580,7,2,0,784336
2026-10-05T10:30:32,786,fast,DU,0.768,True,,24580,7,2,0,781016
2026-10-05T10:31:32,787,fast,DU,0.74,True,,24580,7,2,0,788256
2026-10-05T10:32:32,788,fast,DU,0.722,True,,24580,7,2,0,787268
2026-10-05T10:33:32,789,fast,DU,0.746,True,,24580,7,2,0,786560
2026-10-05T10:34:34,790,fault,GC16,2.307,True,expected error: DisplayTimeout: display not ready (busy line stayed low),25548,7,2,0,779500
2026-10-05T10:34:36,790,recover,,2.629,True,,25548,7,2,0,779228
2026-10-05T10:35:32,791,fast,DU,0.976,True,,25548,7,2,0,781496
2026-10-05T10:36:32,792,fast,DU,0.742,True,,25548,7,2,0,780652
2026-10-05T10:37:32,793,fast,DU,0.74,True,,25548,7,2,0,784672
2026-10-05T10:38:32,794,fast,DU,0.746,True,,25548,7,2,0,782472
2026-10-05T10:39:33,795,full,GC16,1.262,True,,24580,7,2,0,782728
2026-10-05T10:40:32,796,fast,DU,0.744,True,,24580,7,2,0,783440
2026-10-05T10:41:32,797,fast,DU,0.722,True,,24580,7,2,0,777724
2026-10-05T10:42:32,798,fast,DU,0.742,True,,24580,7,2,0,780432
2026-10-05T10:43:32,799,fast,DU,0.722,True,,24580,7,2,0,780284
2026-10-05T10:44:34,800,fault,GC16,2.214,True,expected error: DisplayTimeout: display not ready (busy line stayed low),24580,7,2,0,782464
2026-10-05T10:44:36,800,recover,,2.628,True,,24580,7,2,0,782224
2026-10-05T10:45:32,801,fast,DU,0.952,True,,24580,7,2,0,781248
2026-10-05T10:46:32,802,fast,DU,0.722,True,,24580,7,2,0,775892
2026-10-05T10:47:32,803,fast,DU,0.722,True,,24580,7,2,0,778428
2026-10-05T10:48:32,804,fast,DU,0.722,True,,24580,7,2,0,779220
2026-10-05T10:49:33,805,full,GC16,1.236,True,,25548,7,2,0,774668
2026-10-05T10:50:32,806,fast,DU,0.744,True,,25548,7,2,0,777784
2026-10-05T10:51:32,807,fast,DU,0.746,True,,25548,7,2,0,778960
2026-10-05T10:52:32,808,fast,DU,0.722,True,,25548,7,2,0,775580
2026-10-05T10:53:32,809,fast,DU,0.722,True,,25548,7,2,0,776688
2026-10-05T10:54:34,810,fault,GC16,2.214,True,expected error: DisplayTimeout: display not ready (busy line stayed low),24580,7,2,0,779324
2026-10-05T10:54:36,810,recover,,2.629,True,,24580,7,2,0,779852
2026-10-05T10:55:32,811,fast,DU,0.952,True,,24580,7,2,0,779768
2026-10-05T10:56:32,812,fast,DU,0.722,True,,24580,7,2,0,775728
2026-10-05T10:57:32,813,fast,DU,0.746,True,,24580,7,2,0,777492
2026-10-05T10:58:32,814,fast,DU,0.746,True,,24580,7,2,0,776588
2026-10-05T10:59:33,815,full,GC16,1.236,True,,24580,7,2,0,779172
2026-10-05T11:00:32,816,fast,DU,0.768,True,,24580,7,2,0,781520
2026-10-05T11:01:32,817,fast,DU,0.744,True,,24580,7,2,0,777584
2026-10-05T11:02:32,818,fast,DU,0.745,True,,24580,7,2,0,771408
2026-10-05T11:03:32,819,fast,DU,0.746,True,,24580,7,2,0,767360
2026-10-05T11:04:34,820,fault,GC16,2.218,True,expected error: DisplayTimeout: display not ready (busy line stayed low),25548,7,2,0,760660
2026-10-05T11:04:36,820,recover,,2.628,True,,25548,7,2,0,761156
2026-10-05T11:05:32,821,fast,DU,0.976,True,,25548,7,2,0,765224
2026-10-05T11:06:32,822,fast,DU,0.746,True,,25548,7,2,0,758932
2026-10-05T11:07:32,823,fast,DU,0.722,True,,25548,7,2,0,768324
2026-10-05T11:08:32,824,fast,DU,0.722,True,,25548,7,2,0,770024
2026-10-05T11:09:33,825,full,GC16,1.417,True,,24580,7,2,0,771608
2026-10-05T11:10:32,826,fast,DU,0.744,True,,24580,7,2,0,767860
2026-10-05T11:11:32,827,fast,DU,0.722,True,,24580,7,2,0,768228
2026-10-05T11:12:32,828,fast,DU,0.722,True,,24580,7,2,0,768288
2026-10-05T11:13:32,829,fast,DU,0.722,True,,24580,7,2,0,764296
2026-10-05T11:14:34,830,fault,GC16,2.226,True,expected error: DisplayTimeout: display not ready (busy line stayed low),24580,7,2,0,762620
2026-10-05T11:14:36,830,recover,,2.628,True,,24580,7,2,0,763124
2026-10-05T11:15:32,831,fast,DU,0.976,True,,24580,7,2,0,761064
2026-10-05T11:16:32,832,fast,DU,0.722,True,,24580,7,2,0,766684
2026-10-05T11:17:32,833,fast,DU,0.746,True,,24580,7,2,0,762128
2026-10-05T11:18:32,834,fast,DU,0.746,True,,24580,7,2,0,761752
2026-10-05T11:19:33,835,full,GC16,1.264,True,,25548,7,2,0,757812
2026-10-05T11:20:32,836,fast,DU,0.763,True,,25548,7,2,0,763072
2026-10-05T11:21:32,837,fast,DU,0.746,True,,25548,7,2,0,761884
2026-10-05T11:22:32,838,fast,DU,0.722,True,,25548,7,2,0,764596
2026-10-05T11:23:32,839,fast,DU,0.744,True,,25548,7,2,0,765280
2026-10-05T11:24:34,840,fault,GC16,2.249,True,expected error: DisplayTimeout: display not ready (busy line stayed low),24580,7,2,0,762852
2026-10-05T11:24:36,840,recover,,2.628,True,,24580,7,2,0,762612
2026-10-05T11:25:32,841,fast,DU,0.976,True,,24580,7,2,0,760948
2026-10-05T11:26:32,842,fast,DU,0.722,True,,24580,7,2,0,757576
2026-10-05T11:27:32,843,fast,DU,0.746,True,,24580,7,2,0,764372
2026-10-05T11:28:32,844,fast,DU,0.746,True,,24580,7,2,0,761248
2026-10-05T11:29:33,845,full,GC16,1.236,True,,24580,7,2,0,763580
2026-10-05T11:30:32,846,fast,DU,0.765,True,,24580,7,2,0,750976
2026-10-05T11:31:32,847,fast,DU,0.746,True,,24580,7,2,0,760700
2026-10-05T11:32:32,848,fast,DU,0.744,True,,24580,7,2,0,759536
2026-10-05T11:33:32,849,fast,DU,0.741,True,,24580,7,2,0,755956
2026-10-05T11:34:34,850,fault,GC16,2.227,True,expected error: DisplayTimeout: display not ready (busy line stayed low),25548,7,2,0,755020
2026-10-05T11:34:36,850,recover,,2.628,True,,25548,7,2,0,754804
2026-10-05T11:35:32,851,fast,DU,0.976,True,,25548,7,2,0,758032
2026-10-05T11:36:32,852,fast,DU,0.746,True,,25548,7,2,0,761300
2026-10-05T11:37:32,853,fast,DU,0.746,True,,25548,7,2,0,760052
2026-10-05T11:38:32,854,fast,DU,0.723,True,,25548,7,2,0,756324
2026-10-05T11:39:33,855,full,GC16,1.446,True,,24580,7,2,0,762412
2026-10-05T11:40:32,856,fast,DU,0.764,True,,24580,7,2,0,757112
2026-10-05T11:41:32,857,fast,DU,0.722,True,,24580,7,2,0,759428
2026-10-05T11:42:32,858,fast,DU,0.722,True,,24580,7,2,0,757368
2026-10-05T11:43:32,859,fast,DU,0.722,True,,24580,7,2,0,756984
2026-10-05T11:44:34,860,fault,GC16,2.214,True,expected error: DisplayTimeout: display not ready (busy line stayed low),24580,7,2,0,755916
2026-10-05T11:44:36,860,recover,,2.628,True,,24580,7,2,0,755672
2026-10-05T11:45:32,861,fast,DU,0.97,True,,24580,7,2,0,754364
2026-10-05T11:46:32,862,fast,DU,0.722,True,,24580,7,2,0,756856
2026-10-05T11:47:32,863,fast,DU,0.745,True,,24580,7,2,0,755820
2026-10-05T11:48:32,864,fast,DU,0.746,True,,24580,7,2,0,758796
2026-10-05T11:49:33,865,full,GC16,1.236,True,,25548,7,2,0,753460
2026-10-05T11:50:32,866,fast,DU,0.764,True,,25548,7,2,0,757212
2026-10-05T11:51:32,867,fast,DU,0.746,True,,25548,7,2,0,753904
2026-10-05T11:52:32,868,fast,DU,0.746,True,,25548,7,2,0,752772
2026-10-05T11:53:32,869,fast,DU,0.722,True,,25548,7,2,0,753028
2026-10-05T11:54:34,870,fault,GC16,2.213,True,expected error: DisplayTimeout: display not ready (busy line stayed low),24580,7,2,0,747748
2026-10-05T11:54:36,870,recover,,2.628,True,,24580,7,2,0,748452
2026-10-05T11:55:32,871,fast,DU,0.976,True,,24580,7,2,0,750524
2026-10-05T11:56:32,872,fast,DU,0.722,True,,24580,7,2,0,752364
2026-10-05T11:57:32,873,fast,DU,0.746,True,,24580,7,2,0,751212
2026-10-05T11:58:32,874,fast,DU,0.722,True,,24580,7,2,0,747380
2026-10-05T11:59:33,875,full,GC16,1.236,True,,24580,7,2,0,747896
2026-10-05T12:00:32,876,fast,DU,0.744,True,,24580,7,2,0,752500
2026-10-05T12:01:32,877,fast,DU,0.742,True,,24580,7,2,0,751868
2026-10-05T12:02:32,878,fast,DU,0.722,True,,24580,7,2,0,749052
2026-10-05T12:03:32,879,fast,DU,0.722,True,,24580,7,2,0,751688
2026-10-05T12:04:34,880,fault,GC16,2.218,True,expected error: DisplayTimeout: display not ready (busy line stayed low),25548,7,2,0,749500
2026-10-05T12:04:36,880,recover,,2.628,True,,25548,7,2,0,749204
2026-10-05T12:05:32,881,fast,DU,0.976,True,,25548,7,2,0,749676
2026-10-05T12:06:32,882,fast,DU,0.722,True,,25548,7,2,0,748720
2026-10-05T12:07:32,883,fast,DU,0.722,True,,25548,7,2,0,751628
2026-10-05T12:08:32,884,fast,DU,0.746,True,,25548,7,2,0,750240
2026-10-05T12:09:33,885,full,GC16,1.448,True,,24580,7,2,0,751996
2026-10-05T12:10:32,886,fast,DU,0.768,True,,24580,7,2,0,753384
2026-10-05T12:11:32,887,fast,DU,0.746,True,,24580,7,2,0,748832
2026-10-05T12:12:32,888,fast,DU,0.746,True,,24580,7,2,0,753036
2026-10-05T12:13:32,889,fast,DU,0.746,True,,24580,7,2,0,750404
2026-10-05T12:14:34,890,fault,GC16,2.227,True,expected error: DisplayTimeout: display not ready (busy line stayed low),24580,7,2,0,753020
2026-10-05T12:14:36,890,recover,,2.628,True,,24580,7,2,0,752780
2026-10-05T12:15:32,891,fast,DU,0.952,True,,24580,7,2,0,747972
2026-10-05T12:16:32,892,fast,DU,0.746,True,,24580,7,2,0,749304
2026-10-05T12:17:32,893,fast,DU,0.746,True,,24580,7,2,0,751684
2026-10-05T12:18:32,894,fast,DU,0.746,True,,24580,7,2,0,751656
2026-10-05T12:19:33,895,full,GC16,1.245,True,,25548,7,2,0,750420
2026-10-05T12:20:32,896,fast,DU,0.767,True,,25548,7,2,0,747920
2026-10-05T12:21:32,897,fast,DU,0.744,True,,25548,7,2,0,750244
2026-10-05T12:22:32,898,fast,DU,0.741,True,,25548,7,2,0,746240
2026-10-05T12:23:32,899,fast,DU,0.741,True,,25548,7,2,0,748688
2026-10-05T12:24:34,900,fault,GC16,2.253,True,expected error: DisplayTimeout: display not ready (busy line stayed low),24580,7,2,0,742816
2026-10-05T12:24:36,900,recover,,2.628,True,,24580,7,2,0,744176
2026-10-05T12:25:32,901,fast,DU,0.952,True,,24580,7,2,0,743164
2026-10-05T12:26:32,902,fast,DU,0.722,True,,24580,7,2,0,743528
2026-10-05T12:27:32,903,fast,DU,0.722,True,,24580,7,2,0,746000
2026-10-05T12:28:32,904,fast,DU,0.742,True,,24580,7,2,0,745592
2026-10-05T12:29:33,905,full,GC16,1.236,True,,24580,7,2,0,742308
2026-10-05T12:30:32,906,fast,DU,0.744,True,,24580,7,2,0,731064
2026-10-05T12:31:32,907,fast,DU,0.739,True,,24580,7,2,0,738844
2026-10-05T12:32:32,908,fast,DU,0.74,True,,24580,7,2,0,741968
2026-10-05T12:33:32,909,fast,DU,0.722,True,,24580,7,2,0,737428
2026-10-05T12:34:34,910,fault,GC16,2.213,True,expected error: DisplayTimeout: display not ready (busy line stayed low),25548,7,2,0,736276
2026-10-05T12:34:36,910,recover,,2.628,True,,25548,7,2,0,736252
2026-10-05T12:35:32,911,fast,DU,0.975,True,,25548,7,2,0,740192
2026-10-05T12:36:32,912,fast,DU,0.743,True,,25548,7,2,0,735596
2026-10-05T12:37:32,913,fast,DU,0.745,True,,25548,7,2,0,736672
2026-10-05T12:38:32,914,fast,DU,0.722,True,,25548,7,2,0,738916
2026-10-05T12:39:33,915,full,GC16,1.239,True,,24580,7,2,0,732320
2026-10-05T12:40:32,916,fast,DU,0.762,True,,24580,7,2,0,734760
2026-10-05T12:41:32,917,fast,DU,0.746,True,,24580,7,2,0,737112
2026-10-05T12:42:32,918,fast,DU,0.722,True,,24580,7,2,0,735484
2026-10-05T12:43:32,919,fast,DU,0.746,True,,24580,7,2,0,737536
2026-10-05T12:44:34,920,fault,GC16,2.229,True,expected error: DisplayTimeout: display not ready (busy line stayed low),24584,7,2,0,732848
2026-10-05T12:44:36,920,recover,,2.628,True,,24584,7,2,0,732608
2026-10-05T12:45:32,921,fast,DU,0.971,True,,24584,7,2,0,734284
2026-10-05T12:46:32,922,fast,DU,0.722,True,,24584,7,2,0,732996
2026-10-05T12:47:32,923,fast,DU,0.722,True,,24584,7,2,0,733608
2026-10-05T12:48:32,924,fast,DU,0.722,True,,24584,7,2,0,734352
2026-10-05T12:49:33,925,full,GC16,1.235,True,,25552,7,2,0,731640
2026-10-05T12:50:32,926,fast,DU,0.744,True,,25552,7,2,0,731344
2026-10-05T12:51:32,927,fast,DU,0.74,True,,25552,7,2,0,734072
2026-10-05T12:52:32,928,fast,DU,0.725,True,,25552,7,2,0,732012
2026-10-05T12:53:32,929,fast,DU,0.722,True,,25552,7,2,0,701600
2026-10-05T12:54:34,930,fault,GC16,2.238,True,expected error: DisplayTimeout: display not ready (busy line stayed low),24584,7,2,0,681068
2026-10-05T12:54:36,930,recover,,2.628,True,,24584,7,2,0,680604
2026-10-05T12:55:32,931,fast,DU,0.976,True,,24584,7,2,0,691452
2026-10-05T12:56:32,932,fast,DU,0.743,True,,24584,7,2,0,726028
2026-10-05T12:57:32,933,fast,DU,0.746,True,,24584,7,2,0,697996
2026-10-05T12:58:32,934,fast,DU,0.746,True,,24584,7,2,0,720020
2026-10-05T12:59:33,935,full,GC16,1.245,True,,24584,7,2,0,721184
2026-10-05T13:00:32,936,fast,DU,0.769,True,,24584,7,2,0,722116
2026-10-05T13:01:32,937,fast,DU,0.746,True,,24584,7,2,0,727528
2026-10-05T13:02:32,938,fast,DU,0.746,True,,24584,7,2,0,735728
2026-10-05T13:03:32,939,fast,DU,0.722,True,,24584,7,2,0,773648
2026-10-05T13:04:34,940,fault,GC16,2.226,True,expected error: DisplayTimeout: display not ready (busy line stayed low),25552,7,2,0,775096
2026-10-05T13:04:36,940,recover,,2.628,True,,25552,7,2,0,774100
2026-10-05T13:05:32,941,fast,DU,0.976,True,,25552,7,2,0,776992
2026-10-05T13:06:32,942,fast,DU,0.746,True,,25552,7,2,0,776560
2026-10-05T13:07:32,943,fast,DU,0.723,True,,25552,7,2,0,780880
2026-10-05T13:08:32,944,fast,DU,0.746,True,,25552,7,2,0,781220
2026-10-05T13:09:33,945,full,GC16,1.429,True,,24584,7,2,0,786556
2026-10-05T13:10:32,946,fast,DU,0.744,True,,24584,7,2,0,765320
2026-10-05T13:11:32,947,fast,DU,0.722,True,,24584,7,2,0,776664
2026-10-05T13:12:32,948,fast,DU,0.723,True,,24584,7,2,0,749844
2026-10-05T13:13:32,949,fast,DU,0.722,True,,24584,7,2,0,705156
2026-10-05T13:14:34,950,fault,GC16,2.215,True,expected error: DisplayTimeout: display not ready (busy line stayed low),24584,7,2,0,734412
2026-10-05T13:14:36,950,recover,,2.628,True,,24584,7,2,0,722156
2026-10-05T13:15:32,951,fast,DU,0.952,True,,24584,7,2,0,719332
2026-10-05T13:16:32,952,fast,DU,0.725,True,,24584,7,2,0,722196
2026-10-05T13:17:32,953,fast,DU,0.741,True,,24584,7,2,0,725828
2026-10-05T13:18:32,954,fast,DU,0.722,True,,24584,7,2,0,721400
2026-10-05T13:19:33,955,full,GC16,1.236,True,,25552,7,2,0,725380
2026-10-05T13:20:32,956,fast,DU,0.768,True,,25552,7,2,0,721356
2026-10-05T13:21:32,957,fast,DU,0.743,True,,25552,7,2,0,723968
2026-10-05T13:22:32,958,fast,DU,0.744,True,,25552,7,2,0,722464
2026-10-05T13:23:32,959,fast,DU,0.722,True,,25552,7,2,0,720500
2026-10-05T13:24:34,960,fault,GC16,2.214,True,expected error: DisplayTimeout: display not ready (busy line stayed low),24584,7,2,0,753224
2026-10-05T13:24:36,960,recover,,2.629,True,,24584,7,2,0,751712
2026-10-05T13:25:32,961,fast,DU,0.976,True,,24584,7,2,0,752296
2026-10-05T13:26:32,962,fast,DU,0.743,True,,24584,7,2,0,748860
2026-10-05T13:27:32,963,fast,DU,0.722,True,,24584,7,2,0,734588
2026-10-05T13:28:32,964,fast,DU,0.722,True,,24584,7,2,0,732156
2026-10-05T13:29:33,965,full,GC16,1.239,True,,24584,7,2,0,725224
2026-10-05T13:30:32,966,fast,DU,0.762,True,,24584,7,2,0,682992
2026-10-05T13:31:32,967,fast,DU,0.723,True,,24584,7,2,0,700764
2026-10-05T13:32:32,968,fast,DU,0.74,True,,24584,7,2,0,675972
2026-10-05T13:33:32,969,fast,DU,0.722,True,,24584,7,2,0,701164
2026-10-05T13:34:34,970,fault,GC16,2.223,True,expected error: DisplayTimeout: display not ready (busy line stayed low),25552,7,2,0,693836
2026-10-05T13:34:36,970,recover,,2.628,True,,25552,7,2,0,694284
2026-10-05T13:35:32,971,fast,DU,0.952,True,,25552,7,2,0,669948
2026-10-05T13:36:32,972,fast,DU,0.723,True,,25552,7,2,0,651768
2026-10-05T13:37:32,973,fast,DU,0.746,True,,25552,7,2,0,670452
2026-10-05T13:38:32,974,fast,DU,0.722,True,,25552,7,2,0,639496
2026-10-05T13:39:33,975,full,GC16,1.237,True,,24584,7,2,0,679284
2026-10-05T13:40:32,976,fast,DU,0.745,True,,24584,7,2,0,443840
2026-10-05T13:41:32,977,fast,DU,0.722,True,,24548,7,2,0,509424
2026-10-05T13:42:32,978,fast,DU,0.725,True,,24548,7,2,0,446320
2026-10-05T13:43:32,979,fast,DU,0.726,True,,17016,7,2,0,411868
2026-10-05T13:44:34,980,fault,GC16,2.218,True,expected error: DisplayTimeout: display not ready (busy line stayed low),18780,7,2,0,463752
2026-10-05T13:44:36,980,recover,,2.63,True,,18948,7,2,0,512316
2026-10-05T13:45:32,981,fast,DU,0.952,True,,18952,7,2,0,506296
2026-10-05T13:46:32,982,fast,DU,0.731,True,,18952,7,2,0,569844
2026-10-05T13:47:32,983,fast,DU,0.733,True,,18956,7,2,0,575292
2026-10-05T13:48:32,984,fast,DU,0.724,True,,18956,7,2,0,530816
2026-10-05T13:49:33,985,full,GC16,1.235,True,,19976,7,2,0,538756
2026-10-05T13:50:32,986,fast,DU,0.745,True,,19976,7,2,0,445228
2026-10-05T13:51:32,987,fast,DU,0.722,True,,19984,7,2,0,557692
2026-10-05T13:52:32,988,fast,DU,0.724,True,,19984,7,2,0,448720
2026-10-05T13:53:32,989,fast,DU,0.734,True,,19984,7,2,0,596152
2026-10-05T13:54:34,990,fault,GC16,2.308,True,expected error: DisplayTimeout: display not ready (busy line stayed low),19024,7,2,0,553268
2026-10-05T13:54:36,990,recover,,2.628,True,,19024,7,2,0,572960
2026-10-05T13:55:32,991,fast,DU,0.952,True,,19028,7,2,0,559292
2026-10-05T13:56:32,992,fast,DU,0.74,True,,19028,7,2,0,574520
2026-10-05T13:57:32,993,fast,DU,0.722,True,,19028,7,2,0,612580
2026-10-05T13:58:32,994,fast,DU,0.722,True,,19028,7,2,0,606188
2026-10-05T13:59:33,995,full,GC16,1.237,True,,19028,7,2,0,611084
2026-10-05T14:00:32,996,fast,DU,0.744,True,,19028,7,2,0,609952
2026-10-05T14:01:32,997,fast,DU,0.744,True,,19028,7,2,0,611868
2026-10-05T14:02:32,998,fast,DU,0.742,True,,19028,7,2,0,611508
2026-10-05T14:03:32,999,fast,DU,0.741,True,,19028,7,2,0,585368
2026-10-05T14:04:34,1000,fault,GC16,2.213,True,expected error: DisplayTimeout: display not ready (busy line stayed low),20004,7,2,0,593836
2026-10-05T14:04:36,1000,recover,,2.629,True,,20004,7,2,0,594828
2026-10-05T14:05:32,1001,fast,DU,0.972,True,,20004,7,2,0,602852
2026-10-05T14:06:32,1002,fast,DU,0.746,True,,20004,7,2,0,608308
2026-10-05T14:07:32,1003,fast,DU,0.722,True,,20004,7,2,0,607224
2026-10-05T14:08:32,1004,fast,DU,0.74,True,,20004,7,2,0,646556
2026-10-05T14:09:33,1005,full,GC16,1.432,True,,19036,7,2,0,650192
2026-10-05T14:10:32,1006,fast,DU,0.744,True,,19036,7,2,0,649960
2026-10-05T14:11:32,1007,fast,DU,0.722,True,,19048,7,2,0,586052
2026-10-05T14:12:32,1008,fast,DU,0.722,True,,19048,7,2,0,532320
2026-10-05T14:13:32,1009,fast,DU,0.746,True,,19048,7,2,0,597120
2026-10-05T14:14:34,1010,fault,GC16,2.214,True,expected error: DisplayTimeout: display not ready (busy line stayed low),19048,7,2,0,594900
2026-10-05T14:14:36,1010,recover,,2.628,True,,19048,7,2,0,595468
2026-10-05T14:15:32,1011,fast,DU,0.971,True,,19048,7,2,0,578056
2026-10-05T14:16:32,1012,fast,DU,0.736,True,,19048,7,2,0,590020
2026-10-05T14:17:32,1013,fast,DU,0.731,True,,19048,7,2,0,585644
2026-10-05T14:18:32,1014,fast,DU,0.722,True,,19048,7,2,0,568944
2026-10-05T14:19:33,1015,full,GC16,1.236,True,,20016,7,2,0,592776
2026-10-05T14:20:32,1016,fast,DU,0.744,True,,20016,7,2,0,582488
2026-10-05T14:21:32,1017,fast,DU,0.722,True,,20020,7,2,0,559744
2026-10-05T14:22:32,1018,fast,DU,0.742,True,,20020,7,2,0,574728
2026-10-05T14:23:32,1019,fast,DU,0.746,True,,20020,7,2,0,584400
2026-10-05T14:24:34,1020,fault,GC16,2.248,True,expected error: DisplayTimeout: display not ready (busy line stayed low),19060,7,2,0,584192
2026-10-05T14:24:36,1020,recover,,2.628,True,,19060,7,2,0,584840
2026-10-05T14:25:32,1021,fast,DU,0.952,True,,19060,7,2,0,584688
2026-10-05T14:26:32,1022,fast,DU,0.722,True,,19060,7,2,0,471948
2026-10-05T14:27:32,1023,fast,DU,0.722,True,,19060,7,2,0,568512
2026-10-05T14:28:32,1024,fast,DU,0.741,True,,19060,7,2,0,580780
2026-10-05T14:29:33,1025,full,GC16,1.237,True,,19060,7,2,0,589500
2026-10-05T14:30:32,1026,fast,DU,0.744,True,,19060,7,2,0,588288
2026-10-05T14:31:32,1027,fast,DU,0.74,True,,19060,7,2,0,584444
2026-10-05T14:32:32,1028,fast,DU,0.736,True,,19060,7,2,0,583388
2026-10-05T14:33:32,1029,fast,DU,0.746,True,,19060,7,2,0,596248
2026-10-05T14:34:34,1030,fault,GC16,2.236,True,expected error: DisplayTimeout: display not ready (busy line stayed low),20036,7,2,0,588048
2026-10-05T14:34:36,1030,recover,,2.628,True,,20036,7,2,0,584284
2026-10-05T14:35:32,1031,fast,DU,0.952,True,,20036,7,2,0,583384
2026-10-05T14:36:32,1032,fast,DU,0.74,True,,20036,7,2,0,582960
2026-10-05T14:37:32,1033,fast,DU,0.722,True,,20036,7,2,0,591708
2026-10-05T14:38:32,1034,fast,DU,0.741,True,,20036,7,2,0,569772
2026-10-05T14:39:33,1035,full,GC16,1.236,True,,19068,7,2,0,580692
2026-10-05T14:40:32,1036,fast,DU,0.768,True,,19068,7,2,0,591140
2026-10-05T14:41:32,1037,fast,DU,0.742,True,,19068,7,2,0,597416
2026-10-05T14:42:32,1038,fast,DU,0.742,True,,19068,7,2,0,603992
2026-10-05T14:43:32,1039,fast,DU,0.746,True,,19068,7,2,0,677652
2026-10-05T14:44:34,1040,fault,GC16,2.229,True,expected error: DisplayTimeout: display not ready (busy line stayed low),19068,7,2,0,673928
2026-10-05T14:44:36,1040,recover,,2.628,True,,19068,7,2,0,674612
2026-10-05T14:45:32,1041,fast,DU,0.952,True,,19072,7,2,0,676164
2026-10-05T14:46:32,1042,fast,DU,0.743,True,,19072,7,2,0,675924
2026-10-05T14:47:32,1043,fast,DU,0.746,True,,19072,7,2,0,674736
2026-10-05T14:48:32,1044,fast,DU,0.74,True,,19072,7,2,0,673264
2026-10-05T14:49:33,1045,full,GC16,1.42,True,,20040,7,2,0,675912
2026-10-05T14:50:32,1046,fast,DU,0.744,True,,20040,7,2,0,672900
2026-10-05T14:51:32,1047,fast,DU,0.722,True,,20040,7,2,0,676240
2026-10-05T14:52:32,1048,fast,DU,0.722,True,,20040,7,2,0,675296
2026-10-05T14:53:32,1049,fast,DU,0.746,True,,20040,7,2,0,672640
2026-10-05T14:54:34,1050,fault,GC16,2.214,True,expected error: DisplayTimeout: display not ready (busy line stayed low),19072,7,2,0,672784
2026-10-05T14:54:36,1050,recover,,2.629,True,,19076,7,2,0,670528
2026-10-05T14:55:32,1051,fast,DU,0.976,True,,19076,7,2,0,670844
2026-10-05T14:56:32,1052,fast,DU,0.744,True,,19076,7,2,0,672668
2026-10-05T14:57:32,1053,fast,DU,0.722,True,,19076,7,2,0,672948
2026-10-05T14:58:32,1054,fast,DU,0.746,True,,19076,7,2,0,669856
2026-10-05T14:59:33,1055,full,GC16,1.25,True,,19080,7,2,0,672764
2026-10-05T15:00:32,1056,fast,DU,0.768,True,,19080,7,2,0,681316
2026-10-05T15:01:32,1057,fast,DU,0.722,True,,19080,7,2,0,680212
2026-10-05T15:02:32,1058,fast,DU,0.746,True,,19080,7,2,0,679208
2026-10-05T15:03:32,1059,fast,DU,0.722,True,,19080,7,2,0,683180
2026-10-05T15:04:34,1060,fault,GC16,2.214,True,expected error: DisplayTimeout: display not ready (busy line stayed low),20052,7,2,0,667808
2026-10-05T15:04:36,1060,recover,,2.627,True,,20052,7,2,0,668516
2026-10-05T15:05:32,1061,fast,DU,0.972,True,,20052,7,2,0,672852
2026-10-05T15:06:32,1062,fast,DU,0.745,True,,20052,7,2,0,672736
2026-10-05T15:07:32,1063,fast,DU,0.746,True,,20052,7,2,0,673292
2026-10-05T15:08:32,1064,fast,DU,0.722,True,,20052,7,2,0,670728
2026-10-05T15:09:33,1065,full,GC16,1.378,True,,19084,7,2,0,674704
2026-10-05T15:10:32,1066,fast,DU,0.765,True,,19084,7,2,0,673552
2026-10-05T15:11:32,1067,fast,DU,0.746,True,,19084,7,2,0,673172
2026-10-05T15:12:32,1068,fast,DU,0.741,True,,19084,7,2,0,674184
2026-10-05T15:13:32,1069,fast,DU,0.746,True,,19084,7,2,0,673476
2026-10-05T15:14:34,1070,fault,GC16,2.214,True,expected error: DisplayTimeout: display not ready (busy line stayed low),19084,7,2,0,669592
2026-10-05T15:14:36,1070,recover,,2.628,True,,19084,7,2,0,669100
2026-10-05T15:15:32,1071,fast,DU,0.975,True,,19084,7,2,0,671304
2026-10-05T15:16:32,1072,fast,DU,0.722,True,,19084,7,2,0,667284
2026-10-05T15:17:32,1073,fast,DU,0.722,True,,19084,7,2,0,669420
2026-10-05T15:18:32,1074,fast,DU,0.74,True,,19084,7,2,0,671232
2026-10-05T15:19:33,1075,full,GC16,1.254,True,,20052,7,2,0,665652
2026-10-05T15:20:32,1076,fast,DU,0.768,True,,20052,7,2,0,668884
2026-10-05T15:21:32,1077,fast,DU,0.722,True,,20052,7,2,0,666944
2026-10-05T15:22:32,1078,fast,DU,0.745,True,,20052,7,2,0,669168
2026-10-05T15:23:32,1079,fast,DU,0.741,True,,20052,7,2,0,670308
2026-10-05T15:24:34,1080,fault,GC16,2.276,True,expected error: DisplayTimeout: display not ready (busy line stayed low),19084,7,2,0,664452
2026-10-05T15:24:36,1080,recover,,2.629,True,,19088,7,2,0,664532
2026-10-05T15:25:32,1081,fast,DU,0.975,True,,19088,7,2,0,665300
2026-10-05T15:26:32,1082,fast,DU,0.746,True,,19088,7,2,0,661428
2026-10-05T15:27:32,1083,fast,DU,0.745,True,,19088,7,2,0,666184
2026-10-05T15:28:32,1084,fast,DU,0.746,True,,19088,7,2,0,660204
2026-10-05T15:29:33,1085,full,GC16,1.236,True,,19088,7,2,0,663252
2026-10-05T15:30:32,1086,fast,DU,0.744,True,,19088,7,2,0,659488
2026-10-05T15:31:32,1087,fast,DU,0.746,True,,19088,7,2,0,659060
2026-10-05T15:32:32,1088,fast,DU,0.742,True,,19088,7,2,0,659380
2026-10-05T15:33:32,1089,fast,DU,0.722,True,,19088,7,2,0,658960
2026-10-05T15:34:34,1090,fault,GC16,2.213,True,expected error: DisplayTimeout: display not ready (busy line stayed low),20056,7,2,0,658280
2026-10-05T15:34:36,1090,recover,,2.628,True,,20056,7,2,0,655144
2026-10-05T15:35:32,1091,fast,DU,0.952,True,,20056,7,2,0,654808
2026-10-05T15:36:32,1092,fast,DU,0.746,True,,20056,7,2,0,657356
2026-10-05T15:37:32,1093,fast,DU,0.746,True,,20056,7,2,0,656136
2026-10-05T15:38:32,1094,fast,DU,0.746,True,,20056,7,2,0,660380
2026-10-05T15:39:33,1095,full,GC16,1.272,True,,19088,7,2,0,655984
2026-10-05T15:40:32,1096,fast,DU,0.744,True,,19088,7,2,0,657532
2026-10-05T15:41:32,1097,fast,DU,0.722,True,,19088,7,2,0,659844
2026-10-05T15:42:32,1098,fast,DU,0.722,True,,19088,7,2,0,657980
2026-10-05T15:43:32,1099,fast,DU,0.746,True,,19092,7,2,0,658444
2026-10-05T15:44:34,1100,fault,GC16,2.213,True,expected error: DisplayTimeout: display not ready (busy line stayed low),19092,7,2,0,654712
2026-10-05T15:44:36,1100,recover,,2.628,True,,19092,7,2,0,652868
2026-10-05T15:45:32,1101,fast,DU,0.952,True,,19092,7,2,0,653244
2026-10-05T15:46:32,1102,fast,DU,0.746,True,,19092,7,2,0,656656
2026-10-05T15:47:32,1103,fast,DU,0.722,True,,19092,7,2,0,655440
2026-10-05T15:48:32,1104,fast,DU,0.722,True,,19092,7,2,0,653620
2026-10-05T15:49:33,1105,full,GC16,1.235,True,,20060,7,2,0,653168
2026-10-05T15:50:32,1106,fast,DU,0.744,True,,20060,7,2,0,652400
2026-10-05T15:51:32,1107,fast,DU,0.744,True,,20060,7,2,0,654228
2026-10-05T15:52:32,1108,fast,DU,0.743,True,,20060,7,2,0,654564
2026-10-05T15:53:32,1109,fast,DU,0.743,True,,20060,7,2,0,653604
2026-10-05T15:54:34,1110,fault,GC16,2.214,True,expected error: DisplayTimeout: display not ready (busy line stayed low),19092,7,2,0,655332
2026-10-05T15:54:36,1110,recover,,2.628,True,,19092,7,2,0,653076
2026-10-05T15:55:32,1111,fast,DU,0.976,True,,19092,7,2,0,646156
2026-10-05T15:56:32,1112,fast,DU,0.742,True,,19092,7,2,0,647476
2026-10-05T15:57:32,1113,fast,DU,0.742,True,,19092,7,2,0,649084
2026-10-05T15:58:32,1114,fast,DU,0.722,True,,19092,7,2,0,649716
2026-10-05T15:59:33,1115,full,GC16,1.239,True,,19092,7,2,0,618964
2026-10-05T16:00:32,1116,fast,DU,0.755,True,,19092,7,2,0,618156
2026-10-05T16:01:32,1117,fast,DU,0.722,True,,19092,7,2,0,615016
2026-10-05T16:02:32,1118,fast,DU,0.722,True,,19092,7,2,0,647620
2026-10-05T16:03:32,1119,fast,DU,0.722,True,,19092,7,2,0,646652
2026-10-05T16:04:34,1120,fault,GC16,2.308,True,expected error: DisplayTimeout: display not ready (busy line stayed low),20060,7,2,0,640796
2026-10-05T16:04:36,1120,recover,,2.628,True,,20060,7,2,0,640336
2026-10-05T16:05:32,1121,fast,DU,0.952,True,,20060,7,2,0,638548
2026-10-05T16:06:32,1122,fast,DU,0.745,True,,20060,7,2,0,640444
2026-10-05T16:07:32,1123,fast,DU,0.746,True,,20060,7,2,0,643496
2026-10-05T16:08:32,1124,fast,DU,0.744,True,,20060,7,2,0,644536
2026-10-05T16:09:33,1125,full,GC16,1.431,True,,19092,7,2,0,643048
2026-10-05T16:10:32,1126,fast,DU,0.744,True,,19092,7,2,0,659428
2026-10-05T16:11:32,1127,fast,DU,0.746,True,,19092,7,2,0,661036
2026-10-05T16:12:32,1128,fast,DU,0.741,True,,19092,7,2,0,659292
2026-10-05T16:13:32,1129,fast,DU,0.74,True,,19092,7,2,0,660708
2026-10-05T16:14:34,1130,fault,GC16,2.213,True,expected error: DisplayTimeout: display not ready (busy line stayed low),19092,7,2,0,660248
2026-10-05T16:14:36,1130,recover,,2.629,True,,19092,7,2,0,660268
2026-10-05T16:15:32,1131,fast,DU,0.975,True,,19092,7,2,0,655740
2026-10-05T16:16:32,1132,fast,DU,0.746,True,,19092,7,2,0,659244
2026-10-05T16:17:32,1133,fast,DU,0.722,True,,19092,7,2,0,626492
2026-10-05T16:18:32,1134,fast,DU,0.722,True,,19092,7,2,0,645388
2026-10-05T16:19:33,1135,full,GC16,1.236,True,,20060,7,2,0,617592
2026-10-05T16:20:32,1136,fast,DU,0.744,True,,20060,7,2,0,625528
2026-10-05T16:21:32,1137,fast,DU,0.741,True,,20060,7,2,0,604484
2026-10-05T16:22:32,1138,fast,DU,0.746,True,,20060,7,2,0,613420
2026-10-05T16:23:32,1139,fast,DU,0.746,True,,20060,7,2,0,610268
2026-10-05T16:24:34,1140,fault,GC16,2.213,True,expected error: DisplayTimeout: display not ready (busy line stayed low),19092,7,2,0,609808
2026-10-05T16:24:36,1140,recover,,2.628,True,,19092,7,2,0,609640
2026-10-05T16:25:32,1141,fast,DU,0.952,True,,19092,7,2,0,609208
2026-10-05T16:26:32,1142,fast,DU,0.746,True,,19092,7,2,0,605612
2026-10-05T16:27:32,1143,fast,DU,0.746,True,,19092,7,2,0,612324
2026-10-05T16:28:32,1144,fast,DU,0.722,True,,19092,7,2,0,627556
2026-10-05T16:29:33,1145,full,GC16,1.236,True,,19092,7,2,0,630416
2026-10-05T16:30:32,1146,fast,DU,0.744,True,,19092,7,2,0,627480
2026-10-05T16:31:32,1147,fast,DU,0.741,True,,19092,7,2,0,630124
2026-10-05T16:32:32,1148,fast,DU,0.746,True,,19092,7,2,0,630016
2026-10-05T16:33:32,1149,fast,DU,0.746,True,,19096,7,2,0,630380
2026-10-05T16:34:34,1150,fault,GC16,2.215,True,expected error: DisplayTimeout: display not ready (busy line stayed low),20064,7,2,0,629360
2026-10-05T16:34:36,1150,recover,,2.629,True,,20064,7,2,0,629312
2026-10-05T16:35:32,1151,fast,DU,0.952,True,,20064,7,2,0,577400
2026-10-05T16:36:32,1152,fast,DU,0.722,True,,20064,7,2,0,624976
2026-10-05T16:37:32,1153,fast,DU,0.746,True,,20064,7,2,0,631788
2026-10-05T16:38:32,1154,fast,DU,0.746,True,,20064,7,2,0,644436
2026-10-05T16:39:33,1155,full,GC16,1.267,True,,19096,7,2,0,644608
2026-10-05T16:40:32,1156,fast,DU,0.767,True,,19096,7,2,0,647380
2026-10-05T16:41:32,1157,fast,DU,0.746,True,,19096,7,2,0,646228
2026-10-05T16:42:32,1158,fast,DU,0.741,True,,19096,7,2,0,647888
2026-10-05T16:43:32,1159,fast,DU,0.745,True,,19096,7,2,0,647740
2026-10-05T16:44:34,1160,fault,GC16,2.214,True,expected error: DisplayTimeout: display not ready (busy line stayed low),19100,7,2,0,650508
2026-10-05T16:44:36,1160,recover,,2.628,True,,19100,7,2,0,650120
2026-10-05T16:45:32,1161,fast,DU,0.952,True,,19100,7,2,0,648952
2026-10-05T16:46:32,1162,fast,DU,0.722,True,,19100,7,2,0,646480
2026-10-05T16:47:32,1163,fast,DU,0.746,True,,19100,7,2,0,646524
2026-10-05T16:48:32,1164,fast,DU,0.722,True,,19100,7,2,0,647136
2026-10-05T16:49:33,1165,full,GC16,1.236,True,,20068,7,2,0,645992
2026-10-05T16:50:32,1166,fast,DU,0.767,True,,20068,7,2,0,644660
2026-10-05T16:51:32,1167,fast,DU,0.722,True,,20068,7,2,0,643884
2026-10-05T16:52:32,1168,fast,DU,0.746,True,,20068,7,2,0,644872
2026-10-05T16:53:32,1169,fast,DU,0.722,True,,20068,7,2,0,643040
2026-10-05T16:54:34,1170,fault,GC16,2.233,True,expected error: DisplayTimeout: display not ready (busy line stayed low),19100,7,2,0,642700
2026-10-05T16:54:36,1170,recover,,2.628,True,,19100,7,2,0,642860
2026-10-05T16:55:32,1171,fast,DU,0.976,True,,19100,7,2,0,637992
2026-10-05T16:56:32,1172,fast,DU,0.722,True,,19100,7,2,0,640028
2026-10-05T16:57:32,1173,fast,DU,0.745,True,,19100,7,2,0,645876
2026-10-05T16:58:32,1174,fast,DU,0.743,True,,19100,7,2,0,638588
2026-10-05T16:59:33,1175,full,GC16,1.237,True,,19100,7,2,0,641008
2026-10-05T17:00:32,1176,fast,DU,0.744,True,,19100,7,2,0,642712
2026-10-05T17:01:32,1177,fast,DU,0.746,True,,19100,7,2,0,644716
2026-10-05T17:02:32,1178,fast,DU,0.722,True,,19100,7,2,0,641968
2026-10-05T17:03:32,1179,fast,DU,0.722,True,,19100,7,2,0,667304
2026-10-05T17:04:34,1180,fault,GC16,2.307,True,expected error: DisplayTimeout: display not ready (busy line stayed low),20068,7,2,0,660264
2026-10-05T17:04:36,1180,recover,,2.628,True,,20068,7,2,0,658576
2026-10-05T17:05:32,1181,fast,DU,0.976,True,,20068,7,2,0,660116
2026-10-05T17:06:32,1182,fast,DU,0.746,True,,20068,7,2,0,661552
2026-10-05T17:07:32,1183,fast,DU,0.746,True,,20068,7,2,0,664272
2026-10-05T17:08:32,1184,fast,DU,0.746,True,,20068,7,2,0,663724
2026-10-05T17:09:33,1185,full,GC16,1.248,True,,19100,7,2,0,660444
2026-10-05T17:10:32,1186,fast,DU,0.765,True,,19100,7,2,0,660396
2026-10-05T17:11:32,1187,fast,DU,0.746,True,,19100,7,2,0,663916
2026-10-05T17:12:32,1188,fast,DU,0.746,True,,19100,7,2,0,662000
2026-10-05T17:13:32,1189,fast,DU,0.74,True,,19100,7,2,0,663740
2026-10-05T17:14:34,1190,fault,GC16,2.214,True,expected error: DisplayTimeout: display not ready (busy line stayed low),19100,7,2,0,658344
2026-10-05T17:14:36,1190,recover,,2.628,True,,19100,7,2,0,659008
2026-10-05T17:15:32,1191,fast,DU,0.952,True,,19100,7,2,0,656132
2026-10-05T17:16:32,1192,fast,DU,0.74,True,,19100,7,2,0,658380
2026-10-05T17:17:32,1193,fast,DU,0.722,True,,19100,7,2,0,659068
2026-10-05T17:18:32,1194,fast,DU,0.722,True,,19100,7,2,0,656344
2026-10-05T17:19:33,1195,full,GC16,1.236,True,,20068,7,2,0,656828
2026-10-05T17:20:32,1196,fast,DU,0.762,True,,20068,7,2,0,655764
2026-10-05T17:21:32,1197,fast,DU,0.722,True,,20068,7,2,0,644848
2026-10-05T17:22:32,1198,fast,DU,0.747,True,,20068,7,2,0,626904
2026-10-05T17:23:32,1199,fast,DU,0.74,True,,20068,7,2,0,629408
2026-10-05T17:24:34,1200,fault,GC16,2.214,True,expected error: DisplayTimeout: display not ready (busy line stayed low),19108,7,2,0,613376
2026-10-05T17:24:36,1200,recover,,2.628,True,,19108,7,2,0,613328
2026-10-05T17:25:32,1201,fast,DU,0.952,True,,19108,7,2,0,603780
2026-10-05T17:26:32,1202,fast,DU,0.725,True,,19108,7,2,0,596856
2026-10-05T17:27:32,1203,fast,DU,0.723,True,,19104,7,2,0,519232
2026-10-05T17:28:32,1204,fast,DU,0.724,True,,19088,7,2,0,298444
2026-10-05T17:29:33,1205,full,GC16,1.238,True,,16972,7,2,0,415356
2026-10-05T17:30:32,1206,fast,DU,0.762,True,,16976,7,2,0,385180
2026-10-05T17:31:32,1207,fast,DU,0.723,True,,16980,7,2,0,386556
2026-10-05T17:32:32,1208,fast,DU,0.735,True,,16960,7,2,0,313428
2026-10-05T17:33:32,1209,fast,DU,0.723,True,,15952,7,2,0,353700
2026-10-05T17:34:34,1210,fault,GC16,2.236,True,expected error: DisplayTimeout: display not ready (busy line stayed low),17568,7,2,0,309012
2026-10-05T17:34:36,1210,recover,,2.63,True,,17764,7,2,0,331704
2026-10-05T17:35:32,1211,fast,DU,0.952,True,,17764,7,2,0,451876
2026-10-05T17:36:32,1212,fast,DU,0.747,True,,17764,7,2,0,372008
2026-10-05T17:37:32,1213,fast,DU,0.722,True,,17764,7,2,0,412784
2026-10-05T17:38:32,1214,fast,DU,0.722,True,,17764,7,2,0,447080
2026-10-05T17:39:33,1215,full,GC16,1.247,True,,16776,7,2,0,312300
2026-10-05T17:40:32,1216,fast,DU,0.768,True,,13972,7,2,0,450144
2026-10-05T17:41:32,1217,fast,DU,0.725,True,,13912,7,2,0,233696
2026-10-05T17:42:32,1218,fast,DU,0.726,True,,13560,7,2,0,339548
2026-10-05T17:43:32,1219,fast,DU,0.723,True,,13552,7,2,0,323108
2026-10-05T17:44:34,1220,fault,GC16,2.218,True,expected error: DisplayTimeout: display not ready (busy line stayed low),13952,7,2,0,423000
2026-10-05T17:44:36,1220,recover,,2.628,True,,13952,7,2,0,412184
2026-10-05T17:45:32,1221,fast,DU,0.952,True,,13952,7,2,0,396040
2026-10-05T17:46:32,1222,fast,DU,0.724,True,,13932,7,2,0,468604
2026-10-05T17:47:32,1223,fast,DU,0.722,True,,13932,7,2,0,440212
2026-10-05T17:48:32,1224,fast,DU,0.734,True,,13932,7,2,0,463340
2026-10-05T17:49:33,1225,full,GC16,1.235,True,,14920,7,2,0,372596
2026-10-05T17:50:32,1226,fast,DU,0.747,True,,14920,7,2,0,456008
2026-10-05T17:51:32,1227,fast,DU,0.722,True,,14924,7,2,0,403380
2026-10-05T17:52:32,1228,fast,DU,0.725,True,,14924,7,2,0,359052
2026-10-05T17:53:32,1229,fast,DU,0.722,True,,14924,7,2,0,371636
2026-10-05T17:54:34,1230,fault,GC16,2.214,True,expected error: DisplayTimeout: display not ready (busy line stayed low),13964,7,2,0,453864
2026-10-05T17:54:36,1230,recover,,2.628,True,,13980,7,2,0,488552
2026-10-05T17:55:32,1231,fast,DU,0.976,True,,13984,7,2,0,487800
2026-10-05T17:56:32,1232,fast,DU,0.725,True,,13984,7,2,0,456548
2026-10-05T17:57:32,1233,fast,DU,0.746,True,,13984,7,2,0,452640
2026-10-05T17:58:32,1234,fast,DU,0.723,True,,13984,7,2,0,514840
2026-10-05T17:59:33,1235,full,GC16,1.282,True,,13992,7,2,0,480544
2026-10-05T18:00:32,1236,fast,DU,0.744,True,,13992,7,2,0,369148
2026-10-05T18:01:32,1237,fast,DU,0.724,True,,13992,7,2,0,431272
2026-10-05T18:02:32,1238,fast,DU,0.735,True,,13992,7,2,0,479060
2026-10-05T18:03:32,1239,fast,DU,0.741,True,,13992,7,2,0,510896
2026-10-05T18:04:34,1240,fault,GC16,2.212,True,expected error: DisplayTimeout: display not ready (busy line stayed low),14968,7,2,0,510984
2026-10-05T18:04:36,1240,recover,,2.628,True,,14968,7,2,0,512336
2026-10-05T18:05:32,1241,fast,DU,0.952,True,,14972,7,2,0,481508
2026-10-05T18:06:32,1242,fast,DU,0.724,True,,14972,7,2,0,509556
2026-10-05T18:07:32,1243,fast,DU,0.744,True,,14972,7,2,0,505908
2026-10-05T18:08:32,1244,fast,DU,0.746,True,,14972,7,2,0,504320
2026-10-05T18:09:33,1245,full,GC16,1.393,True,,14008,7,2,0,509908
2026-10-05T18:10:32,1246,fast,DU,0.744,True,,14008,7,2,0,505116
2026-10-05T18:11:32,1247,fast,DU,0.74,True,,14008,7,2,0,502676
2026-10-05T18:12:32,1248,fast,DU,0.722,True,,14008,7,2,0,505340
2026-10-05T18:13:32,1249,fast,DU,0.722,True,,14008,7,2,0,505856
2026-10-05T18:14:34,1250,fault,GC16,2.214,True,expected error: DisplayTimeout: display not ready (busy line stayed low),14012,7,2,0,504492
2026-10-05T18:14:36,1250,recover,,2.628,True,,14012,7,2,0,504776
2026-10-05T18:15:32,1251,fast,DU,0.976,True,,14012,7,2,0,523524
2026-10-05T18:16:32,1252,fast,DU,0.741,True,,14012,7,2,0,523348
2026-10-05T18:17:32,1253,fast,DU,0.746,True,,14012,7,2,0,525796
2026-10-05T18:18:32,1254,fast,DU,0.746,True,,14012,7,2,0,519636
2026-10-05T18:19:33,1255,full,GC16,1.256,True,,14984,7,2,0,518664
2026-10-05T18:20:32,1256,fast,DU,0.768,True,,14984,7,2,0,517948
2026-10-05T18:21:32,1257,fast,DU,0.746,True,,14988,7,2,0,520960
2026-10-05T18:22:32,1258,fast,DU,0.722,True,,14988,7,2,0,523148
2026-10-05T18:23:32,1259,fast,DU,0.722,True,,14988,7,2,0,524100
2026-10-05T18:24:34,1260,fault,GC16,2.253,True,expected error: DisplayTimeout: display not ready (busy line stayed low),14020,7,2,0,524812
2026-10-05T18:24:36,1260,recover,,2.628,True,,14020,7,2,0,524828
2026-10-05T18:25:32,1261,fast,DU,0.976,True,,14020,7,2,0,521180
2026-10-05T18:26:32,1262,fast,DU,0.746,True,,14020,7,2,0,521480
2026-10-05T18:27:32,1263,fast,DU,0.722,True,,14020,7,2,0,521680
2026-10-05T18:28:32,1264,fast,DU,0.747,True,,14020,7,2,0,503616
2026-10-05T18:29:33,1265,full,GC16,1.237,True,,14032,7,2,0,514000
2026-10-05T18:30:32,1266,fast,DU,0.744,True,,14032,7,2,0,499472
2026-10-05T18:31:32,1267,fast,DU,0.745,True,,14032,7,2,0,508608
2026-10-05T18:32:32,1268,fast,DU,0.745,True,,14032,7,2,0,507016
2026-10-05T18:33:32,1269,fast,DU,0.722,True,,14032,7,2,0,506132
2026-10-05T18:34:34,1270,fault,GC16,2.212,True,expected error: DisplayTimeout: display not ready (busy line stayed low),15004,7,2,0,506412
2026-10-05T18:34:36,1270,recover,,2.628,True,,15004,7,2,0,506172
2026-10-05T18:35:32,1271,fast,DU,0.974,True,,15004,7,2,0,508716
2026-10-05T18:36:32,1272,fast,DU,0.745,True,,15004,7,2,0,505372
2026-10-05T18:37:32,1273,fast,DU,0.722,True,,15004,7,2,0,498048
2026-10-05T18:38:32,1274,fast,DU,0.722,True,,15004,7,2,0,504568
2026-10-05T18:39:33,1275,full,GC16,1.236,True,,14036,7,2,0,505624
2026-10-05T18:40:32,1276,fast,DU,0.768,True,,14036,7,2,0,513428
2026-10-05T18:41:32,1277,fast,DU,0.741,True,,14036,7,2,0,511280
2026-10-05T18:42:32,1278,fast,DU,0.743,True,,14036,7,2,0,516360
2026-10-05T18:43:32,1279,fast,DU,0.744,True,,14036,7,2,0,512960
2026-10-05T18:44:34,1280,fault,GC16,2.228,True,expected error: DisplayTimeout: display not ready (busy line stayed low),14036,7,2,0,511088
2026-10-05T18:44:36,1280,recover,,2.628,True,,14036,7,2,0,512100
2026-10-05T18:45:32,1281,fast,DU,0.952,True,,14036,7,2,0,516284
2026-10-05T18:46:32,1282,fast,DU,0.722,True,,14036,7,2,0,512516
2026-10-05T18:47:32,1283,fast,DU,0.746,True,,14036,7,2,0,515552
2026-10-05T18:48:32,1284,fast,DU,0.722,True,,14036,7,2,0,506392
2026-10-05T18:49:33,1285,full,GC16,1.235,True,,15004,7,2,0,506664
2026-10-05T18:50:32,1286,fast,DU,0.764,True,,15004,7,2,0,460960
2026-10-05T18:51:32,1287,fast,DU,0.722,True,,15004,7,2,0,461620
2026-10-05T18:52:32,1288,fast,DU,0.722,True,,15004,7,2,0,460800
2026-10-05T18:53:32,1289,fast,DU,0.745,True,,15004,7,2,0,459868
2026-10-05T18:54:34,1290,fault,GC16,2.226,True,expected error: DisplayTimeout: display not ready (busy line stayed low),14036,7,2,0,461036
2026-10-05T18:54:36,1290,recover,,2.628,True,,14036,7,2,0,460796
2026-10-05T18:55:32,1291,fast,DU,0.973,True,,14036,7,2,0,461144
2026-10-05T18:56:32,1292,fast,DU,0.722,True,,14036,7,2,0,459396
2026-10-05T18:57:32,1293,fast,DU,0.722,True,,14036,7,2,0,458412
2026-10-05T18:58:32,1294,fast,DU,0.746,True,,14036,7,2,0,456592
2026-10-05T18:59:33,1295,full,GC16,1.237,True,,14036,7,2,0,457768
2026-10-05T19:00:32,1296,fast,DU,0.744,True,,14036,7,2,0,453868
2026-10-05T19:01:32,1297,fast,DU,0.746,True,,14036,7,2,0,458724
2026-10-05T19:02:32,1298,fast,DU,0.722,True,,14036,7,2,0,463324
2026-10-05T19:03:32,1299,fast,DU,0.743,True,,14036,7,2,0,457516
2026-10-05T19:04:34,1300,fault,GC16,2.212,True,expected error: DisplayTimeout: display not ready (busy line stayed low),15008,7,2,0,448892
2026-10-05T19:04:36,1300,recover,,2.629,True,,15016,7,2,0,448784
2026-10-05T19:05:32,1301,fast,DU,0.952,True,,15016,7,2,0,452836
2026-10-05T19:06:32,1302,fast,DU,0.722,True,,15016,7,2,0,455956
2026-10-05T19:07:32,1303,fast,DU,0.744,True,,15016,7,2,0,455972
2026-10-05T19:08:32,1304,fast,DU,0.746,True,,15016,7,2,0,451492
2026-10-05T19:09:33,1305,full,GC16,1.235,True,,14052,7,2,0,452532
2026-10-05T19:10:32,1306,fast,DU,0.744,True,,14052,7,2,0,450356
2026-10-05T19:11:32,1307,fast,DU,0.746,True,,14052,7,2,0,454212
2026-10-05T19:12:32,1308,fast,DU,0.731,True,,14052,7,2,0,455800
2026-10-05T19:13:32,1309,fast,DU,0.746,True,,14052,7,2,0,455948
2026-10-05T19:14:34,1310,fault,GC16,2.213,True,expected error: DisplayTimeout: display not ready (busy line stayed low),14056,7,2,0,454880
2026-10-05T19:14:36,1310,recover,,2.628,True,,14056,7,2,0,454640
2026-10-05T19:15:32,1311,fast,DU,0.976,True,,14056,7,2,0,454384
2026-10-05T19:16:32,1312,fast,DU,0.722,True,,14056,7,2,0,455696
2026-10-05T19:17:32,1313,fast,DU,0.741,True,,14056,7,2,0,450988
2026-10-05T19:18:32,1314,fast,DU,0.722,True,,14056,7,2,0,453352
2026-10-05T19:19:33,1315,full,GC16,1.235,True,,15024,7,2,0,450136
2026-10-05T19:20:32,1316,fast,DU,0.767,True,,15024,7,2,0,446764
2026-10-05T19:21:32,1317,fast,DU,0.722,True,,15024,7,2,0,452100
2026-10-05T19:22:32,1318,fast,DU,0.722,True,,15024,7,2,0,454756
2026-10-05T19:23:32,1319,fast,DU,0.722,True,,15024,7,2,0,451036
2026-10-05T19:24:34,1320,fault,GC16,2.213,True,expected error: DisplayTimeout: display not ready (busy line stayed low),14060,7,2,0,451188
2026-10-05T19:24:36,1320,recover,,2.628,True,,14060,7,2,0,450896
2026-10-05T19:25:32,1321,fast,DU,0.97,True,,14060,7,2,0,446592
2026-10-05T19:26:32,1322,fast,DU,0.722,True,,14060,7,2,0,449532
2026-10-05T19:27:32,1323,fast,DU,0.722,True,,14060,7,2,0,451524
2026-10-05T19:28:32,1324,fast,DU,0.723,True,,14060,7,2,0,438304
2026-10-05T19:29:33,1325,full,GC16,1.245,True,,14060,7,2,0,442196
2026-10-05T19:30:32,1326,fast,DU,0.768,True,,14060,7,2,0,442152
2026-10-05T19:31:32,1327,fast,DU,0.74,True,,14060,7,2,0,446352
2026-10-05T19:32:32,1328,fast,DU,0.722,True,,14060,7,2,0,445364
2026-10-05T19:33:32,1329,fast,DU,0.722,True,,14060,7,2,0,444728
2026-10-05T19:34:34,1330,fault,GC16,2.24,True,expected error: DisplayTimeout: display not ready (busy line stayed low),15028,7,2,0,445600
2026-10-05T19:34:36,1330,recover,,2.628,True,,15028,7,2,0,445392
2026-10-05T19:35:32,1331,fast,DU,0.971,True,,15028,7,2,0,441924
2026-10-05T19:36:32,1332,fast,DU,0.74,True,,15028,7,2,0,447452
2026-10-05T19:37:32,1333,fast,DU,0.743,True,,15028,7,2,0,437240
2026-10-05T19:38:32,1334,fast,DU,0.744,True,,15028,7,2,0,440424
2026-10-05T19:39:33,1335,full,GC16,1.423,True,,14060,7,2,0,402696
2026-10-05T19:40:32,1336,fast,DU,0.765,True,,14060,7,2,0,478672
2026-10-05T19:41:32,1337,fast,DU,0.722,True,,14060,7,2,0,456796
2026-10-05T19:42:32,1338,fast,DU,0.722,True,,14060,7,2,0,416096
2026-10-05T19:43:32,1339,fast,DU,0.724,True,,14052,7,2,0,304092
2026-10-05T19:44:34,1340,fault,GC16,2.214,True,expected error: DisplayTimeout: display not ready (busy line stayed low),14052,7,2,0,449732
2026-10-05T19:44:36,1340,recover,,2.627,True,,14052,7,2,0,448900
2026-10-05T19:45:32,1341,fast,DU,0.96,True,,14052,7,2,0,385588
2026-10-05T19:46:32,1342,fast,DU,0.722,True,,14052,7,2,0,521644
2026-10-05T19:47:32,1343,fast,DU,0.741,True,,14052,7,2,0,491508
2026-10-05T19:48:32,1344,fast,DU,0.723,True,,14052,7,2,0,473964
2026-10-05T19:49:33,1345,full,GC16,1.271,True,,15020,7,2,0,490268
2026-10-05T19:50:32,1346,fast,DU,0.753,True,,15020,7,2,0,490076
2026-10-05T19:51:32,1347,fast,DU,0.743,True,,15020,7,2,0,542308
2026-10-05T19:52:32,1348,fast,DU,0.722,True,,15020,7,2,0,523812
2026-10-05T19:53:32,1349,fast,DU,0.722,True,,15020,7,2,0,528684
2026-10-05T19:54:34,1350,fault,GC16,2.245,True,expected error: DisplayTimeout: display not ready (busy line stayed low),14052,7,2,0,554180
2026-10-05T19:54:36,1350,recover,,2.628,True,,14052,7,2,0,554472
2026-10-05T19:55:32,1351,fast,DU,0.952,True,,14056,7,2,0,556536
2026-10-05T19:56:32,1352,fast,DU,0.723,True,,14056,7,2,0,557236
2026-10-05T19:57:32,1353,fast,DU,0.722,True,,14056,7,2,0,559004
2026-10-05T19:58:32,1354,fast,DU,0.74,True,,14056,7,2,0,544356
2026-10-05T19:59:33,1355,full,GC16,1.236,True,,14056,7,2,0,548824
2026-10-05T20:00:32,1356,fast,DU,0.744,True,,14056,7,2,0,550608
2026-10-05T20:01:32,1357,fast,DU,0.744,True,,14056,7,2,0,551944
2026-10-05T20:02:32,1358,fast,DU,0.746,True,,14056,7,2,0,563128
2026-10-05T20:03:32,1359,fast,DU,0.722,True,,14056,7,2,0,508536
2026-10-05T20:04:34,1360,fault,GC16,2.213,True,expected error: DisplayTimeout: display not ready (busy line stayed low),15024,7,2,0,506432
2026-10-05T20:04:36,1360,recover,,2.628,True,,15024,7,2,0,506436
2026-10-05T20:05:32,1361,fast,DU,0.952,True,,15024,7,2,0,535904
2026-10-05T20:06:32,1362,fast,DU,0.722,True,,15024,7,2,0,543392
2026-10-05T20:07:32,1363,fast,DU,0.722,True,,15024,7,2,0,556320
2026-10-05T20:08:32,1364,fast,DU,0.743,True,,15028,7,2,0,524464
2026-10-05T20:09:33,1365,full,GC16,1.271,True,,14060,7,2,0,535688
2026-10-05T20:10:32,1366,fast,DU,0.744,True,,14060,7,2,0,546372
2026-10-05T20:11:32,1367,fast,DU,0.722,True,,14060,7,2,0,548424
2026-10-05T20:12:32,1368,fast,DU,0.722,True,,14060,7,2,0,543540
2026-10-05T20:13:32,1369,fast,DU,0.741,True,,14060,7,2,0,545728
2026-10-05T20:14:34,1370,fault,GC16,2.214,True,expected error: DisplayTimeout: display not ready (busy line stayed low),14060,7,2,0,544788
2026-10-05T20:14:36,1370,recover,,2.628,True,,14060,7,2,0,547500
2026-10-05T20:15:32,1371,fast,DU,0.958,True,,14060,7,2,0,503252
2026-10-05T20:16:32,1372,fast,DU,0.722,True,,14060,7,2,0,446112
2026-10-05T20:17:32,1373,fast,DU,0.741,True,,14060,7,2,0,458180
2026-10-05T20:18:32,1374,fast,DU,0.725,True,,14060,7,2,0,353528
2026-10-05T20:19:33,1375,full,GC16,1.244,True,,15028,7,2,0,344764
2026-10-05T20:20:32,1376,fast,DU,0.747,True,,15028,7,2,0,365080
2026-10-05T20:21:32,1377,fast,DU,0.722,True,,15028,7,2,0,366212
2026-10-05T20:22:32,1378,fast,DU,0.746,True,,15028,7,2,0,411744
2026-10-05T20:23:32,1379,fast,DU,0.722,True,,15028,7,2,0,365920
2026-10-05T20:24:34,1380,fault,GC16,2.219,True,expected error: DisplayTimeout: display not ready (busy line stayed low),14068,7,2,0,409500
2026-10-05T20:24:36,1380,recover,,2.629,True,,14068,7,2,0,410844
2026-10-05T20:25:32,1381,fast,DU,0.952,True,,14068,7,2,0,425968
2026-10-05T20:26:32,1382,fast,DU,0.722,True,,14068,7,2,0,422576
2026-10-05T20:27:32,1383,fast,DU,0.722,True,,14068,7,2,0,418756
2026-10-05T20:28:32,1384,fast,DU,0.722,True,,15736,7,2,0,419160
2026-10-05T20:29:33,1385,full,GC16,1.237,True,,16676,7,2,0,341656
2026-10-05T20:30:32,1386,fast,DU,0.763,True,,16676,7,2,0,387668
2026-10-05T20:31:32,1387,fast,DU,0.746,True,,16676,7,2,0,434828
2026-10-05T20:32:32,1388,fast,DU,0.743,True,,16676,7,2,0,391456
2026-10-05T20:33:32,1389,fast,DU,0.746,True,,16676,7,2,0,374932
2026-10-05T20:34:34,1390,fault,GC16,2.235,True,expected error: DisplayTimeout: display not ready (busy line stayed low),17640,7,2,0,424560
2026-10-05T20:34:36,1390,recover,,2.628,True,,17640,7,2,0,424096
2026-10-05T20:35:32,1391,fast,DU,0.952,True,,17644,7,2,0,426824
2026-10-05T20:36:32,1392,fast,DU,0.722,True,,17644,7,2,0,413768
2026-10-05T20:37:32,1393,fast,DU,0.722,True,,17644,7,2,0,432496
2026-10-05T20:38:32,1394,fast,DU,0.723,True,,17644,7,2,0,385772
2026-10-05T20:39:33,1395,full,GC16,1.243,True,,16752,7,2,0,397556
2026-10-05T20:40:32,1396,fast,DU,0.744,True,,16752,7,2,0,414824
2026-10-05T20:41:32,1397,fast,DU,0.722,True,,16752,7,2,0,423804
2026-10-05T20:42:32,1398,fast,DU,0.722,True,,16752,7,2,0,372096
2026-10-05T20:43:32,1399,fast,DU,0.743,True,,16752,7,2,0,418924
2026-10-05T20:44:34,1400,fault,GC16,2.219,True,expected error: DisplayTimeout: display not ready (busy line stayed low),16680,7,2,0,437076
2026-10-05T20:44:36,1400,recover,,2.63,True,,16708,7,2,0,438304
2026-10-05T20:45:32,1401,fast,DU,0.952,True,,16708,7,2,0,419180
2026-10-05T20:46:32,1402,fast,DU,0.722,True,,16708,7,2,0,403628
2026-10-05T20:47:32,1403,fast,DU,0.744,True,,16708,7,2,0,433580
2026-10-05T20:48:32,1404,fast,DU,0.722,True,,16708,7,2,0,415428
2026-10-05T20:49:33,1405,full,GC16,1.235,True,,17672,7,2,0,411400
2026-10-05T20:50:32,1406,fast,DU,0.768,True,,17672,7,2,0,414640
2026-10-05T20:51:32,1407,fast,DU,0.722,True,,17672,7,2,0,404872
2026-10-05T20:52:32,1408,fast,DU,0.741,True,,17672,7,2,0,408796
2026-10-05T20:53:32,1409,fast,DU,0.722,True,,17672,7,2,0,400492
2026-10-05T20:54:34,1410,fault,GC16,2.213,True,expected error: DisplayTimeout: display not ready (busy line stayed low),16780,7,2,0,387788
2026-10-05T20:54:36,1410,recover,,2.628,True,,16780,7,2,0,387324
2026-10-05T20:55:32,1411,fast,DU,0.952,True,,16780,7,2,0,410456
2026-10-05T20:56:32,1412,fast,DU,0.722,True,,16780,7,2,0,391864
2026-10-05T20:57:32,1413,fast,DU,0.723,True,,16780,7,2,0,413836
2026-10-05T20:58:32,1414,fast,DU,0.745,True,,16780,7,2,0,408756
2026-10-05T20:59:33,1415,full,GC16,1.238,True,,16708,7,2,0,397812
2026-10-05T21:00:32,1416,fast,DU,0.762,True,,16708,7,2,0,431864
2026-10-05T21:01:32,1417,fast,DU,0.746,True,,16708,7,2,0,420668
2026-10-05T21:02:32,1418,fast,DU,0.722,True,,16708,7,2,0,422444
2026-10-05T21:03:32,1419,fast,DU,0.722,True,,16708,7,2,0,424840
2026-10-05T21:04:34,1420,fault,GC16,2.244,True,expected error: DisplayTimeout: display not ready (busy line stayed low),17672,7,2,0,347224
2026-10-05T21:04:36,1420,recover,,2.628,True,,17672,7,2,0,351680
2026-10-05T21:05:32,1421,fast,DU,0.97,True,,17672,7,2,0,410196
2026-10-05T21:06:32,1422,fast,DU,0.722,True,,17672,7,2,0,403480
2026-10-05T21:07:32,1423,fast,DU,0.74,True,,17672,7,2,0,411856
2026-10-05T21:08:32,1424,fast,DU,0.741,True,,17672,7,2,0,398624
2026-10-05T21:09:33,1425,full,GC16,1.413,True,,16780,7,2,0,439664
2026-10-05T21:10:32,1426,fast,DU,0.744,True,,16780,7,2,0,402128
2026-10-05T21:11:32,1427,fast,DU,0.74,True,,16780,7,2,0,426472
2026-10-05T21:12:32,1428,fast,DU,0.722,True,,16780,7,2,0,425100
2026-10-05T21:13:32,1429,fast,DU,0.722,True,,16780,7,2,0,387796
2026-10-05T21:14:34,1430,fault,GC16,2.213,True,expected error: DisplayTimeout: display not ready (busy line stayed low),16708,7,2,0,403204
2026-10-05T21:14:36,1430,recover,,2.628,True,,16708,7,2,0,403052
2026-10-05T21:15:32,1431,fast,DU,0.952,True,,16708,7,2,0,389732
2026-10-05T21:16:32,1432,fast,DU,0.722,True,,16708,7,2,0,436652
2026-10-05T21:17:32,1433,fast,DU,0.722,True,,16708,7,2,0,439868
2026-10-05T21:18:32,1434,fast,DU,0.723,True,,16708,7,2,0,424188
2026-10-05T21:19:33,1435,full,GC16,1.235,True,,17672,7,2,0,383612
2026-10-05T21:20:32,1436,fast,DU,0.744,True,,17672,7,2,0,391544
2026-10-05T21:21:32,1437,fast,DU,0.723,True,,17672,7,2,0,398560
2026-10-05T21:22:32,1438,fast,DU,0.743,True,,17672,7,2,0,383288
2026-10-05T21:23:32,1439,fast,DU,0.74,True,,17672,7,2,0,416200
2026-10-05T21:24:34,1440,fault,GC16,2.309,True,expected error: DisplayTimeout: display not ready (busy line stayed low),16780,7,2,0,419444
2026-10-05T21:24:36,1440,recover,,2.628,True,,16780,7,2,0,417508
2026-10-05T21:25:32,1441,fast,DU,0.952,True,,16780,7,2,0,358904
2026-10-05T21:26:32,1442,fast,DU,0.741,True,,16780,7,2,0,405636
2026-10-05T21:27:32,1443,fast,DU,0.722,True,,16780,7,2,0,400372
2026-10-05T21:28:32,1444,fast,DU,0.722,True,,16780,7,2,0,364704
2026-10-05T21:29:33,1445,full,GC16,1.252,True,,16708,7,2,0,371072
2026-10-05T21:30:32,1446,fast,DU,0.683,True,,16704,7,2,0,428584
2026-10-05T21:31:32,1447,fast,DU,0.664,True,,16704,7,2,0,350572
2026-10-05T21:32:32,1448,fast,DU,0.661,True,,16704,7,2,0,358368
2026-10-05T21:33:32,1449,fast,DU,0.673,True,,16704,7,2,0,334140
2026-10-05T21:34:34,1450,fault,GC16,2.226,True,expected error: DisplayTimeout: display not ready (busy line stayed low),17576,7,2,0,393052
2026-10-05T21:34:36,1450,recover,,2.627,True,,17576,7,2,0,392600
2026-10-05T21:35:32,1451,fast,DU,0.892,True,,15716,7,2,0,446812
2026-10-05T21:36:32,1452,fast,DU,0.661,True,,15720,7,2,0,342256
2026-10-05T21:37:32,1453,fast,DU,0.662,True,,15720,7,2,0,317664
2026-10-05T21:38:32,1454,fast,DU,0.663,True,,15720,7,2,0,285404
2026-10-05T21:39:33,1455,full,GC16,1.127,True,,14828,7,2,0,324588
2026-10-05T21:40:32,1456,fast,DU,0.744,True,,14828,7,2,0,454716
2026-10-05T21:41:32,1457,fast,DU,0.723,True,,14828,7,2,0,425548
2026-10-05T21:42:32,1458,fast,DU,0.742,True,,14720,7,2,0,402324
2026-10-05T21:43:32,1459,fast,DU,0.722,True,,14720,7,2,0,361636
2026-10-05T21:44:34,1460,fault,GC16,2.256,True,expected error: DisplayTimeout: display not ready (busy line stayed low),14656,7,2,0,356656
2026-10-05T21:44:36,1460,recover,,2.628,True,,14656,7,2,0,322484
2026-10-05T21:45:32,1461,fast,DU,0.952,True,,14464,7,2,0,445344
2026-10-05T21:46:32,1462,fast,DU,0.722,True,,14464,7,2,0,428844
2026-10-05T21:47:32,1463,fast,DU,0.723,True,,14464,7,2,0,405216
2026-10-05T21:48:32,1464,fast,DU,0.723,True,,14464,7,2,0,412888
2026-10-05T21:49:33,1465,full,GC16,1.278,True,,15432,7,2,0,353360
2026-10-05T21:50:32,1466,fast,DU,0.747,True,,15432,7,2,0,338704
2026-10-05T21:51:32,1467,fast,DU,0.73,True,,15432,7,2,0,326792
2026-10-05T21:52:32,1468,fast,DU,0.722,True,,15404,7,2,0,389204
2026-10-05T21:53:32,1469,fast,DU,0.722,True,,15404,7,2,0,404520
2026-10-05T21:54:34,1470,fault,GC16,2.214,True,expected error: DisplayTimeout: display not ready (busy line stayed low),14512,7,2,0,406088
2026-10-05T21:54:36,1470,recover,,2.628,True,,14512,7,2,0,405644
2026-10-05T21:55:32,1471,fast,DU,0.952,True,,14512,7,2,0,359500
2026-10-05T21:56:32,1472,fast,DU,0.723,True,,14512,7,2,0,310136
2026-10-05T21:57:32,1473,fast,DU,0.724,True,,14512,7,2,0,275700
2026-10-05T21:58:32,1474,fast,DU,0.723,True,,14512,7,2,0,280272
2026-10-05T21:59:33,1475,full,GC16,1.251,True,,14460,7,2,0,267820
2026-10-05T22:00:32,1476,fast,DU,0.744,True,,14460,7,2,0,367628
2026-10-05T22:01:32,1477,fast,DU,0.725,True,,13984,7,2,0,319216
2026-10-05T22:02:32,1478,fast,DU,0.723,True,,13984,7,2,0,382984
2026-10-05T22:03:32,1479,fast,DU,0.723,True,,13984,7,2,0,383820
2026-10-05T22:04:34,1480,fault,GC16,2.235,True,expected error: DisplayTimeout: display not ready (busy line stayed low),14944,7,2,0,245368
2026-10-05T22:04:36,1480,recover,,2.628,True,,14944,7,2,0,191136
2026-10-05T22:05:32,1481,fast,DU,0.952,True,,14884,7,2,0,372368
2026-10-05T22:06:32,1482,fast,DU,0.722,True,,14884,7,2,0,361528
2026-10-05T22:07:32,1483,fast,DU,0.724,True,,14884,7,2,0,397900
2026-10-05T22:08:32,1484,fast,DU,0.722,True,,14888,7,2,0,398980
2026-10-05T22:09:33,1485,full,GC16,1.265,True,,13996,7,2,0,346704
2026-10-05T22:10:32,1486,fast,DU,0.744,True,,13996,7,2,0,355748
2026-10-05T22:11:32,1487,fast,DU,0.722,True,,13996,7,2,0,395720
2026-10-05T22:12:32,1488,fast,DU,0.722,True,,13996,7,2,0,412760
2026-10-05T22:13:32,1489,fast,DU,0.723,True,,13996,7,2,0,446640
2026-10-05T22:14:34,1490,fault,GC16,2.213,True,expected error: DisplayTimeout: display not ready (busy line stayed low),13932,7,2,0,409024
2026-10-05T22:14:36,1490,recover,,2.628,True,,13932,7,2,0,410872
2026-10-05T22:15:32,1491,fast,DU,0.952,True,,13932,7,2,0,418472
2026-10-05T22:16:32,1492,fast,DU,0.722,True,,13932,7,2,0,409140
2026-10-05T22:17:32,1493,fast,DU,0.723,True,,13932,7,2,0,419396
2026-10-05T22:18:32,1494,fast,DU,0.722,True,,13932,7,2,0,427628
2026-10-05T22:19:33,1495,full,GC16,1.238,True,,14896,7,2,0,410852
2026-10-05T22:20:32,1496,fast,DU,0.744,True,,14896,7,2,0,437860
2026-10-05T22:21:32,1497,fast,DU,0.722,True,,14896,7,2,0,468856
2026-10-05T22:22:32,1498,fast,DU,0.725,True,,14896,7,2,0,461504
2026-10-05T22:23:32,1499,fast,DU,0.722,True,,14896,7,2,0,354944
2026-10-05T22:24:34,1500,fault,GC16,2.214,True,expected error: DisplayTimeout: display not ready (busy line stayed low),14008,7,2,0,434884
2026-10-05T22:24:36,1500,recover,,2.628,True,,14008,7,2,0,434620
2026-10-05T22:25:32,1501,fast,DU,0.952,True,,14008,7,2,0,374376
2026-10-05T22:26:32,1502,fast,DU,0.723,True,,13996,7,2,0,288968
2026-10-05T22:27:32,1503,fast,DU,0.722,True,,13936,7,2,0,388424
2026-10-05T22:28:32,1504,fast,DU,0.724,True,,13936,7,2,0,345780
2026-10-05T22:29:33,1505,full,GC16,1.25,True,,13864,7,2,0,341520
2026-10-05T22:30:32,1506,fast,DU,0.745,True,,13860,7,2,0,252016
2026-10-05T22:31:32,1507,fast,DU,0.724,True,,13864,7,2,0,359784
2026-10-05T22:32:32,1508,fast,DU,0.723,True,,13864,7,2,0,279268
2026-10-05T22:33:32,1509,fast,DU,0.722,True,,13864,7,2,0,375128
2026-10-05T22:34:34,1510,fault,GC16,2.227,True,expected error: DisplayTimeout: display not ready (busy line stayed low),14836,7,2,0,371192
2026-10-05T22:34:36,1510,recover,,2.628,True,,14836,7,2,0,378892
2026-10-05T22:35:32,1511,fast,DU,0.952,True,,14836,7,2,0,263236
2026-10-05T22:36:32,1512,fast,DU,0.722,True,,14836,7,2,0,365796
2026-10-05T22:37:32,1513,fast,DU,0.722,True,,14836,7,2,0,406524
2026-10-05T22:38:32,1514,fast,DU,0.741,True,,14836,7,2,0,398808
2026-10-05T22:39:33,1515,full,GC16,1.431,True,,13944,7,2,0,393336
2026-10-05T22:40:32,1516,fast,DU,0.745,True,,13944,7,2,0,328312
2026-10-05T22:41:32,1517,fast,DU,0.725,True,,13944,7,2,0,321400
2026-10-05T22:42:32,1518,fast,DU,0.724,True,,13944,7,2,0,369832
2026-10-05T22:43:32,1519,fast,DU,0.742,True,,13944,7,2,0,373740
2026-10-05T22:44:34,1520,fault,GC16,2.231,True,expected error: DisplayTimeout: display not ready (busy line stayed low),13876,7,2,0,405156
2026-10-05T22:44:36,1520,recover,,2.628,True,,13876,7,2,0,404412
2026-10-05T22:45:32,1521,fast,DU,0.973,True,,13876,7,2,0,408404
2026-10-05T22:46:32,1522,fast,DU,0.722,True,,13876,7,2,0,401124
2026-10-05T22:47:32,1523,fast,DU,0.722,True,,13876,7,2,0,436308
2026-10-05T22:48:32,1524,fast,DU,0.746,True,,13876,7,2,0,439736
2026-10-05T22:49:33,1525,full,GC16,1.238,True,,14840,7,2,0,468732
2026-10-05T22:50:32,1526,fast,DU,0.768,True,,14840,7,2,0,474076
2026-10-05T22:51:32,1527,fast,DU,0.722,True,,14896,7,2,0,472280
2026-10-05T22:52:32,1528,fast,DU,0.746,True,,14896,7,2,0,475412
2026-10-05T22:53:32,1529,fast,DU,0.746,True,,14896,7,2,0,474396
2026-10-05T22:54:34,1530,fault,GC16,2.213,True,expected error: DisplayTimeout: display not ready (busy line stayed low),14008,7,2,0,471112
2026-10-05T22:54:36,1530,recover,,2.628,True,,14008,7,2,0,471976
2026-10-05T22:55:32,1531,fast,DU,0.952,True,,14008,7,2,0,472536
2026-10-05T22:56:32,1532,fast,DU,0.746,True,,14008,7,2,0,472568
2026-10-05T22:57:32,1533,fast,DU,0.722,True,,14008,7,2,0,483720
2026-10-05T22:58:32,1534,fast,DU,0.722,True,,14008,7,2,0,479364
2026-10-05T22:59:33,1535,full,GC16,1.431,True,,13936,7,2,0,480052
2026-10-05T23:00:32,1536,fast,DU,0.744,True,,13936,7,2,0,481960
2026-10-05T23:01:32,1537,fast,DU,0.723,True,,13936,7,2,0,478316
2026-10-05T23:02:32,1538,fast,DU,0.746,True,,13936,7,2,0,480068
2026-10-05T23:03:32,1539,fast,DU,0.722,True,,13936,7,2,0,480844
2026-10-05T23:04:34,1540,fault,GC16,2.212,True,expected error: DisplayTimeout: display not ready (busy line stayed low),14904,7,2,0,472948
2026-10-05T23:04:36,1540,recover,,2.628,True,,14904,7,2,0,473660
2026-10-05T23:05:32,1541,fast,DU,0.976,True,,14904,7,2,0,479012
2026-10-05T23:06:32,1542,fast,DU,0.722,True,,14904,7,2,0,477404
2026-10-05T23:07:32,1543,fast,DU,0.722,True,,14904,7,2,0,474716
2026-10-05T23:08:32,1544,fast,DU,0.722,True,,14904,7,2,0,478168
2026-10-05T23:09:33,1545,full,GC16,1.236,True,,14012,7,2,0,470744
2026-10-05T23:10:32,1546,fast,DU,0.768,True,,14012,7,2,0,476268
2026-10-05T23:11:32,1547,fast,DU,0.722,True,,14016,7,2,0,475072
2026-10-05T23:12:32,1548,fast,DU,0.722,True,,14016,7,2,0,478552
2026-10-05T23:13:32,1549,fast,DU,0.722,True,,14016,7,2,0,476792
2026-10-05T23:14:34,1550,fault,GC16,2.213,True,expected error: DisplayTimeout: display not ready (busy line stayed low),13944,7,2,0,474220
2026-10-05T23:14:36,1550,recover,,2.627,True,,13944,7,2,0,473980
2026-10-05T23:15:32,1551,fast,DU,0.952,True,,13948,7,2,0,477780
2026-10-05T23:16:32,1552,fast,DU,0.746,True,,13948,7,2,0,476036
2026-10-05T23:17:32,1553,fast,DU,0.722,True,,13948,7,2,0,476884
2026-10-05T23:18:32,1554,fast,DU,0.743,True,,13948,7,2,0,472492
2026-10-05T23:19:33,1555,full,GC16,1.235,True,,14912,7,2,0,472340
2026-10-05T23:20:32,1556,fast,DU,0.767,True,,14912,7,2,0,465340
2026-10-05T23:21:32,1557,fast,DU,0.742,True,,14912,7,2,0,473268
2026-10-05T23:22:32,1558,fast,DU,0.743,True,,14912,7,2,0,476040
2026-10-05T23:23:32,1559,fast,DU,0.722,True,,14912,7,2,0,470532
2026-10-05T23:24:34,1560,fault,GC16,2.31,True,expected error: DisplayTimeout: display not ready (busy line stayed low),14020,7,2,0,471616
2026-10-05T23:24:36,1560,recover,,2.628,True,,14020,7,2,0,471376
2026-10-05T23:25:32,1561,fast,DU,0.971,True,,14020,7,2,0,470980
2026-10-05T23:26:32,1562,fast,DU,0.722,True,,14020,7,2,0,472688
2026-10-05T23:27:32,1563,fast,DU,0.74,True,,14020,7,2,0,472248
2026-10-05T23:28:32,1564,fast,DU,0.746,True,,14020,7,2,0,456820
2026-10-05T23:29:33,1565,full,GC16,1.236,True,,13948,7,2,0,463856
2026-10-05T23:30:32,1566,fast,DU,0.744,True,,13948,7,2,0,457444
2026-10-05T23:31:32,1567,fast,DU,0.742,True,,13948,7,2,0,469100
2026-10-05T23:32:32,1568,fast,DU,0.743,True,,13948,7,2,0,465004
2026-10-05T23:33:32,1569,fast,DU,0.722,True,,13948,7,2,0,467660
2026-10-05T23:34:34,1570,fault,GC16,2.307,True,expected error: DisplayTimeout: display not ready (busy line stayed low),14912,7,2,0,462920
2026-10-05T23:34:36,1570,recover,,2.627,True,,14912,7,2,0,463896
2026-10-05T23:35:32,1571,fast,DU,0.97,True,,14912,7,2,0,467956
2026-10-05T23:36:32,1572,fast,DU,0.722,True,,14912,7,2,0,465544
2026-10-05T23:37:32,1573,fast,DU,0.723,True,,14912,7,2,0,465960
2026-10-05T23:38:32,1574,fast,DU,0.722,True,,14912,7,2,0,465424
2026-10-05T23:39:33,1575,full,GC16,1.236,True,,14020,7,2,0,455028
2026-10-05T23:40:32,1576,fast,DU,0.768,True,,14020,7,2,0,461044
2026-10-05T23:41:32,1577,fast,DU,0.745,True,,14020,7,2,0,461068
2026-10-05T23:42:32,1578,fast,DU,0.746,True,,14020,7,2,0,466524
2026-10-05T23:43:32,1579,fast,DU,0.746,True,,14020,7,2,0,462428
2026-10-05T23:44:34,1580,fault,GC16,2.213,True,expected error: DisplayTimeout: display not ready (busy line stayed low),13948,7,2,0,463156
2026-10-05T23:44:36,1580,recover,,2.629,True,,13948,7,2,0,464212
2026-10-05T23:45:32,1581,fast,DU,0.952,True,,13952,7,2,0,465988
2026-10-05T23:46:32,1582,fast,DU,0.746,True,,13952,7,2,0,461872
2026-10-05T23:47:32,1583,fast,DU,0.746,True,,13952,7,2,0,467656
2026-10-05T23:48:32,1584,fast,DU,0.722,True,,13952,7,2,0,460612
2026-10-05T23:49:33,1585,full,GC16,1.407,True,,14920,7,2,0,454784
2026-10-05T23:50:32,1586,fast,DU,0.744,True,,14920,7,2,0,459632
2026-10-05T23:51:32,1587,fast,DU,0.722,True,,14920,7,2,0,461736
2026-10-05T23:52:32,1588,fast,DU,0.748,True,,14920,7,2,0,460940
2026-10-05T23:53:32,1589,fast,DU,0.722,True,,14920,7,2,0,458300
2026-10-05T23:54:34,1590,fault,GC16,2.216,True,expected error: DisplayTimeout: display not ready (busy line stayed low),14084,7,2,0,463040
2026-10-05T23:54:36,1590,recover,,2.629,True,,14088,7,2,0,463200
2026-10-05T23:55:32,1591,fast,DU,0.952,True,,14088,7,2,0,460708
2026-10-05T23:56:32,1592,fast,DU,0.722,True,,14088,7,2,0,460928
2026-10-05T23:57:32,1593,fast,DU,0.744,True,,14088,7,2,0,461772
2026-10-05T23:58:32,1594,fast,DU,0.722,True,,14088,7,2,0,456900
2026-10-05T23:59:33,1595,full,GC16,1.236,True,,14016,7,2,0,450052
2026-10-06T00:00:32,1596,fast,DU,0.744,True,,14016,7,2,0,454164
2026-10-06T00:01:32,1597,fast,DU,0.73,True,,14020,7,2,0,455992
2026-10-06T00:02:32,1598,fast,DU,0.722,True,,14020,7,2,0,461224
2026-10-06T00:03:32,1599,fast,DU,0.741,True,,14020,7,2,0,454832
2026-10-06T00:04:34,1600,fault,GC16,2.213,True,expected error: DisplayTimeout: display not ready (busy line stayed low),14984,7,2,0,444200
2026-10-06T00:04:36,1600,recover,,2.629,True,,14984,7,2,0,444788
2026-10-06T00:05:32,1601,fast,DU,0.952,True,,14984,7,2,0,452992
2026-10-06T00:06:32,1602,fast,DU,0.722,True,,14984,7,2,0,455760
2026-10-06T00:07:32,1603,fast,DU,0.722,True,,14984,7,2,0,454204
2026-10-06T00:08:32,1604,fast,DU,0.744,True,,14984,7,2,0,450284
2026-10-06T00:09:33,1605,full,GC16,1.236,True,,14092,7,2,0,446196
2026-10-06T00:10:32,1606,fast,DU,0.768,True,,14092,7,2,0,445820
2026-10-06T00:11:32,1607,fast,DU,0.743,True,,14092,7,2,0,451296
2026-10-06T00:12:32,1608,fast,DU,0.742,True,,14092,7,2,0,455096
2026-10-06T00:13:32,1609,fast,DU,0.736,True,,14092,7,2,0,453312
2026-10-06T00:14:34,1610,fault,GC16,2.221,True,expected error: DisplayTimeout: display not ready (busy line stayed low),14020,7,2,0,452056
2026-10-06T00:14:36,1610,recover,,2.628,True,,14020,7,2,0,451820
2026-10-06T00:15:32,1611,fast,DU,0.952,True,,14020,7,2,0,454260
2026-10-06T00:16:32,1612,fast,DU,0.73,True,,14020,7,2,0,452456
2026-10-06T00:17:32,1613,fast,DU,0.722,True,,14020,7,2,0,452168
2026-10-06T00:18:32,1614,fast,DU,0.722,True,,14020,7,2,0,450164
2026-10-06T00:19:33,1615,full,GC16,1.237,True,,14984,7,2,0,445236
2026-10-06T00:20:32,1616,fast,DU,0.744,True,,14984,7,2,0,446364
2026-10-06T00:21:32,1617,fast,DU,0.746,True,,14984,7,2,0,442516
2026-10-06T00:22:32,1618,fast,DU,0.746,True,,14984,7,2,0,444708
2026-10-06T00:23:32,1619,fast,DU,0.722,True,,14984,7,2,0,440496
2026-10-06T00:24:34,1620,fault,GC16,2.213,True,expected error: DisplayTimeout: display not ready (busy line stayed low),14092,7,2,0,442020
2026-10-06T00:24:36,1620,recover,,2.628,True,,14092,7,2,0,443688
2026-10-06T00:25:32,1621,fast,DU,0.976,True,,14092,7,2,0,440904
2026-10-06T00:26:32,1622,fast,DU,0.74,True,,14092,7,2,0,444596
2026-10-06T00:27:32,1623,fast,DU,0.722,True,,14092,7,2,0,442872
2026-10-06T00:28:32,1624,fast,DU,0.722,True,,14092,7,2,0,431564
2026-10-06T00:29:33,1625,full,GC16,1.236,True,,14020,7,2,0,440336
2026-10-06T00:30:32,1626,fast,DU,0.744,True,,14020,7,2,0,423416
2026-10-06T00:31:32,1627,fast,DU,0.722,True,,14020,7,2,0,434604
2026-10-06T00:32:32,1628,fast,DU,0.74,True,,14020,7,2,0,431272
2026-10-06T00:33:32,1629,fast,DU,0.74,True,,14020,7,2,0,430836
2026-10-06T00:34:34,1630,fault,GC16,2.308,True,expected error: DisplayTimeout: display not ready (busy line stayed low),14984,7,2,0,431184
2026-10-06T00:34:36,1630,recover,,2.628,True,,14984,7,2,0,431340
2026-10-06T00:35:32,1631,fast,DU,0.952,True,,14984,7,2,0,429640
2026-10-06T00:36:32,1632,fast,DU,0.722,True,,14984,7,2,0,436456
2026-10-06T00:37:32,1633,fast,DU,0.746,True,,14984,7,2,0,434188
2026-10-06T00:38:32,1634,fast,DU,0.74,True,,14984,7,2,0,432284
2026-10-06T00:39:33,1635,full,GC16,1.263,True,,14092,7,2,0,427816
2026-10-06T00:40:32,1636,fast,DU,0.744,True,,14092,7,2,0,426544
2026-10-06T00:41:32,1637,fast,DU,0.722,True,,14092,7,2,0,434992
2026-10-06T00:42:32,1638,fast,DU,0.746,True,,14092,7,2,0,433680
2026-10-06T00:43:32,1639,fast,DU,0.722,True,,14092,7,2,0,427512
2026-10-06T00:44:34,1640,fault,GC16,2.228,True,expected error: DisplayTimeout: display not ready (busy line stayed low),14020,7,2,0,433044
2026-10-06T00:44:36,1640,recover,,2.628,True,,14020,7,2,0,432740
2026-10-06T00:45:32,1641,fast,DU,0.976,True,,14020,7,2,0,434896
2026-10-06T00:46:32,1642,fast,DU,0.743,True,,14020,7,2,0,429272
2026-10-06T00:47:32,1643,fast,DU,0.746,True,,14020,7,2,0,434216
2026-10-06T00:48:32,1644,fast,DU,0.722,True,,14020,7,2,0,427972
2026-10-06T00:49:33,1645,full,GC16,1.235,True,,14984,7,2,0,419924
2026-10-06T00:50:32,1646,fast,DU,0.768,True,,14984,7,2,0,421820
2026-10-06T00:51:32,1647,fast,DU,0.746,True,,14984,7,2,0,427400
2026-10-06T00:52:32,1648,fast,DU,0.722,True,,14984,7,2,0,424908
2026-10-06T00:53:32,1649,fast,DU,0.746,True,,14984,7,2,0,417472
2026-10-06T00:54:34,1650,fault,GC16,2.213,True,expected error: DisplayTimeout: display not ready (busy line stayed low),14092,7,2,0,411732
2026-10-06T00:54:36,1650,recover,,2.628,True,,14092,7,2,0,415064
2026-10-06T00:55:32,1651,fast,DU,0.952,True,,14092,7,2,0,416200
2026-10-06T00:56:32,1652,fast,DU,0.745,True,,14092,7,2,0,418536
2026-10-06T00:57:32,1653,fast,DU,0.744,True,,14092,7,2,0,415460
2026-10-06T00:58:32,1654,fast,DU,0.722,True,,14096,7,2,0,413616
2026-10-06T00:59:33,1655,full,GC16,1.252,True,,14024,7,2,0,416152
2026-10-06T01:00:32,1656,fast,DU,0.768,True,,14024,7,2,0,412432
2026-10-06T01:01:32,1657,fast,DU,0.746,True,,14024,7,2,0,417724
2026-10-06T01:02:32,1658,fast,DU,0.722,True,,14024,7,2,0,418280
2026-10-06T01:03:32,1659,fast,DU,0.722,True,,14024,7,2,0,416128
2026-10-06T01:04:34,1660,fault,GC16,2.22,True,expected error: DisplayTimeout: display not ready (busy line stayed low),14988,7,2,0,407448
2026-10-06T01:04:36,1660,recover,,2.628,True,,14988,7,2,0,409452
2026-10-06T01:05:32,1661,fast,DU,0.952,True,,14988,7,2,0,414704
2026-10-06T01:06:32,1662,fast,DU,0.746,True,,14988,7,2,0,415288
2026-10-06T01:07:32,1663,fast,DU,0.723,True,,14988,7,2,0,413844
2026-10-06T01:08:32,1664,fast,DU,0.722,True,,14988,7,2,0,413940
2026-10-06T01:09:33,1665,full,GC16,1.236,True,,14096,7,2,0,410400
2026-10-06T01:10:32,1666,fast,DU,0.768,True,,14096,7,2,0,403660
2026-10-06T01:11:32,1667,fast,DU,0.723,True,,14096,7,2,0,406044
2026-10-06T01:12:32,1668,fast,DU,0.722,True,,14096,7,2,0,410436
2026-10-06T01:13:32,1669,fast,DU,0.722,True,,14096,7,2,0,408776
2026-10-06T01:14:34,1670,fault,GC16,2.213,True,expected error: DisplayTimeout: display not ready (busy line stayed low),14024,7,2,0,411816
2026-10-06T01:14:36,1670,recover,,2.628,True,,14024,7,2,0,411376
2026-10-06T01:15:32,1671,fast,DU,0.952,True,,14024,7,2,0,410580
2026-10-06T01:16:32,1672,fast,DU,0.742,True,,14024,7,2,0,410436
2026-10-06T01:17:32,1673,fast,DU,0.746,True,,14024,7,2,0,409432
2026-10-06T01:18:32,1674,fast,DU,0.746,True,,14024,7,2,0,407812
2026-10-06T01:19:33,1675,full,GC16,1.257,True,,14988,7,2,0,405352
2026-10-06T01:20:32,1676,fast,DU,0.744,True,,14988,7,2,0,401284
2026-10-06T01:21:32,1677,fast,DU,0.742,True,,14988,7,2,0,408580
2026-10-06T01:22:32,1678,fast,DU,0.746,True,,14988,7,2,0,407924
2026-10-06T01:23:32,1679,fast,DU,0.74,True,,14988,7,2,0,408140
2026-10-06T01:24:34,1680,fault,GC16,2.214,True,expected error: DisplayTimeout: display not ready (busy line stayed low),14096,7,2,0,404976
2026-10-06T01:24:36,1680,recover,,2.628,True,,14096,7,2,0,404976
2026-10-06T01:25:32,1681,fast,DU,0.952,True,,14096,7,2,0,412436
2026-10-06T01:26:32,1682,fast,DU,0.722,True,,14096,7,2,0,411628
2026-10-06T01:27:32,1683,fast,DU,0.722,True,,14096,7,2,0,413468
2026-10-06T01:28:32,1684,fast,DU,0.722,True,,14096,7,2,0,398608
2026-10-06T01:29:33,1685,full,GC16,1.367,True,,14024,7,2,0,407472
2026-10-06T01:30:32,1686,fast,DU,0.756,True,,14024,7,2,0,402260
2026-10-06T01:31:32,1687,fast,DU,0.743,True,,14024,7,2,0,407548
2026-10-06T01:32:32,1688,fast,DU,0.744,True,,14024,7,2,0,409256
2026-10-06T01:33:32,1689,fast,DU,0.722,True,,14024,7,2,0,402808
2026-10-06T01:34:34,1690,fault,GC16,2.212,True,expected error: DisplayTimeout: display not ready (busy line stayed low),14988,7,2,0,399568
2026-10-06T01:34:36,1690,recover,,2.628,True,,14988,7,2,0,402300
2026-10-06T01:35:32,1691,fast,DU,0.952,True,,14988,7,2,0,405076
2026-10-06T01:36:32,1692,fast,DU,0.722,True,,14988,7,2,0,402844
2026-10-06T01:37:32,1693,fast,DU,0.74,True,,14988,7,2,0,405492
2026-10-06T01:38:32,1694,fast,DU,0.722,True,,14988,7,2,0,385120
2026-10-06T01:39:33,1695,full,GC16,1.256,True,,14096,7,2,0,381376
2026-10-06T01:40:32,1696,fast,DU,0.744,True,,14096,7,2,0,386944
2026-10-06T01:41:32,1697,fast,DU,0.746,True,,14096,7,2,0,388636
2026-10-06T01:42:32,1698,fast,DU,0.722,True,,14096,7,2,0,388612
2026-10-06T01:43:32,1699,fast,DU,0.746,True,,14096,7,2,0,383564
2026-10-06T01:44:34,1700,fault,GC16,2.213,True,expected error: DisplayTimeout: display not ready (busy line stayed low),14024,7,2,0,384360
2026-10-06T01:44:36,1700,recover,,2.628,True,,14024,7,2,0,384732
2026-10-06T01:45:32,1701,fast,DU,0.952,True,,14024,7,2,0,386548
2026-10-06T01:46:32,1702,fast,DU,0.722,True,,14024,7,2,0,379752
2026-10-06T01:47:32,1703,fast,DU,0.722,True,,14024,7,2,0,385144
2026-10-06T01:48:32,1704,fast,DU,0.722,True,,14024,7,2,0,382716
2026-10-06T01:49:33,1705,full,GC16,1.248,True,,14992,7,2,0,374712
2026-10-06T01:50:32,1706,fast,DU,0.762,True,,14992,7,2,0,379164
2026-10-06T01:51:32,1707,fast,DU,0.722,True,,14992,7,2,0,388244
2026-10-06T01:52:32,1708,fast,DU,0.722,True,,14992,7,2,0,388056
2026-10-06T01:53:32,1709,fast,DU,0.742,True,,14992,7,2,0,384208
2026-10-06T01:54:34,1710,fault,GC16,2.213,True,expected error: DisplayTimeout: display not ready (busy line stayed low),14100,7,2,0,385584
2026-10-06T01:54:36,1710,recover,,2.628,True,,14100,7,2,0,385144
2026-10-06T01:55:32,1711,fast,DU,0.973,True,,14100,7,2,0,384212
2026-10-06T01:56:32,1712,fast,DU,0.746,True,,14100,7,2,0,386460
2026-10-06T01:57:32,1713,fast,DU,0.746,True,,14100,7,2,0,383016
2026-10-06T01:58:32,1714,fast,DU,0.722,True,,14100,7,2,0,335908
2026-10-06T01:59:33,1715,full,GC16,1.245,True,,14028,7,2,0,409548
2026-10-06T02:00:32,1716,fast,DU,0.762,True,,13420,7,2,0,483808
2026-10-06T02:01:32,1717,fast,DU,0.723,True,,13424,7,2,0,482264
2026-10-06T02:02:32,1718,fast,DU,0.746,True,,13424,7,2,0,491868
2026-10-06T02:03:32,1719,fast,DU,0.742,True,,13432,7,2,0,491916
2026-10-06T02:04:34,1720,fault,GC16,2.32,True,expected error: DisplayTimeout: display not ready (busy line stayed low),14880,7,2,0,486944
2026-10-06T02:04:36,1720,recover,,2.629,True,,14912,7,2,0,486808
2026-10-06T02:05:32,1721,fast,DU,0.973,True,,14912,7,2,0,491556
2026-10-06T02:06:32,1722,fast,DU,0.746,True,,14912,7,2,0,491724
2026-10-06T02:07:32,1723,fast,DU,0.746,True,,14912,7,2,0,484096
2026-10-06T02:08:32,1724,fast,DU,0.746,True,,14912,7,2,0,492480
2026-10-06T02:09:33,1725,full,GC16,1.236,True,,14064,7,2,0,482596
2026-10-06T02:10:32,1726,fast,DU,0.744,True,,14064,7,2,0,485188
2026-10-06T02:11:32,1727,fast,DU,0.745,True,,14064,7,2,0,488936
2026-10-06T02:12:32,1728,fast,DU,0.74,True,,14064,7,2,0,492136
2026-10-06T02:13:32,1729,fast,DU,0.722,True,,14064,7,2,0,488144
2026-10-06T02:14:34,1730,fault,GC16,2.213,True,expected error: DisplayTimeout: display not ready (busy line stayed low),13992,7,2,0,490452
2026-10-06T02:14:36,1730,recover,,2.628,True,,13992,7,2,0,490212
2026-10-06T02:15:32,1731,fast,DU,0.952,True,,13992,7,2,0,490296
2026-10-06T02:16:32,1732,fast,DU,0.746,True,,13992,7,2,0,490308
2026-10-06T02:17:32,1733,fast,DU,0.722,True,,13996,7,2,0,487620
2026-10-06T02:18:32,1734,fast,DU,0.722,True,,13996,7,2,0,486668
2026-10-06T02:19:33,1735,full,GC16,1.235,True,,14960,7,2,0,482312
2026-10-06T02:20:32,1736,fast,DU,0.744,True,,14960,7,2,0,480480
2026-10-06T02:21:32,1737,fast,DU,0.745,True,,14960,7,2,0,486524
2026-10-06T02:22:32,1738,fast,DU,0.722,True,,14960,7,2,0,484972
2026-10-06T02:23:32,1739,fast,DU,0.722,True,,14960,7,2,0,486360
2026-10-06T02:24:34,1740,fault,GC16,2.231,True,expected error: DisplayTimeout: display not ready (busy line stayed low),14088,7,2,0,479564
2026-10-06T02:24:36,1740,recover,,2.628,True,,14092,7,2,0,480956
2026-10-06T02:25:32,1741,fast,DU,0.976,True,,14092,7,2,0,484316
2026-10-06T02:26:32,1742,fast,DU,0.746,True,,14092,7,2,0,484712
2026-10-06T02:27:32,1743,fast,DU,0.722,True,,14092,7,2,0,484828
2026-10-06T02:28:32,1744,fast,DU,0.74,True,,14092,7,2,0,474372
2026-10-06T02:29:33,1745,full,GC16,1.244,True,,14020,7,2,0,480024
2026-10-06T02:30:32,1746,fast,DU,0.764,True,,14020,7,2,0,444448
2026-10-06T02:31:32,1747,fast,DU,0.746,True,,14020,7,2,0,452056
2026-10-06T02:32:32,1748,fast,DU,0.722,True,,14020,7,2,0,450868
2026-10-06T02:33:32,1749,fast,DU,0.722,True,,14020,7,2,0,442740
2026-10-06T02:34:34,1750,fault,GC16,2.212,True,expected error: DisplayTimeout: display not ready (busy line stayed low),14984,7,2,0,442728
2026-10-06T02:34:36,1750,recover,,2.629,True,,14984,7,2,0,443888
2026-10-06T02:35:32,1751,fast,DU,0.976,True,,14984,7,2,0,447688
2026-10-06T02:36:32,1752,fast,DU,0.723,True,,14984,7,2,0,448516
2026-10-06T02:37:32,1753,fast,DU,0.722,True,,14984,7,2,0,445744
2026-10-06T02:38:32,1754,fast,DU,0.722,True,,14984,7,2,0,445420
2026-10-06T02:39:33,1755,full,GC16,1.253,True,,14092,7,2,0,443844
2026-10-06T02:40:32,1756,fast,DU,0.744,True,,14092,7,2,0,440664
2026-10-06T02:41:32,1757,fast,DU,0.722,True,,14092,7,2,0,441276
2026-10-06T02:42:32,1758,fast,DU,0.722,True,,14092,7,2,0,445048
2026-10-06T02:43:32,1759,fast,DU,0.722,True,,14092,7,2,0,439080
2026-10-06T02:44:34,1760,fault,GC16,2.212,True,expected error: DisplayTimeout: display not ready (busy line stayed low),14024,7,2,0,441944
2026-10-06T02:44:36,1760,recover,,2.628,True,,14024,7,2,0,441640
2026-10-06T02:45:32,1761,fast,DU,0.952,True,,14024,7,2,0,442488
2026-10-06T02:46:32,1762,fast,DU,0.746,True,,14024,7,2,0,440732
2026-10-06T02:47:32,1763,fast,DU,0.74,True,,14024,7,2,0,440184
2026-10-06T02:48:32,1764,fast,DU,0.74,True,,14024,7,2,0,442268
2026-10-06T02:49:33,1765,full,GC16,1.235,True,,14988,7,2,0,438308
2026-10-06T02:50:32,1766,fast,DU,0.768,True,,14988,7,2,0,436272
2026-10-06T02:51:32,1767,fast,DU,0.74,True,,14988,7,2,0,438312
2026-10-06T02:52:32,1768,fast,DU,0.747,True,,14988,7,2,0,441976
2026-10-06T02:53:32,1769,fast,DU,0.744,True,,14988,7,2,0,441496
2026-10-06T02:54:34,1770,fault,GC16,2.213,True,expected error: DisplayTimeout: display not ready (busy line stayed low),14096,7,2,0,438608
2026-10-06T02:54:36,1770,recover,,2.628,True,,14096,7,2,0,438368
2026-10-06T02:55:32,1771,fast,DU,0.952,True,,14096,7,2,0,440528
2026-10-06T02:56:32,1772,fast,DU,0.722,True,,14096,7,2,0,438540
2026-10-06T02:57:32,1773,fast,DU,0.746,True,,14096,7,2,0,438764
2026-10-06T02:58:32,1774,fast,DU,0.745,True,,14096,7,2,0,438548
2026-10-06T02:59:33,1775,full,GC16,1.249,True,,14024,7,2,0,436720
2026-10-06T03:00:32,1776,fast,DU,0.768,True,,14024,7,2,0,433788
2026-10-06T03:01:32,1777,fast,DU,0.722,True,,14024,7,2,0,436448
2026-10-06T03:02:32,1778,fast,DU,0.722,True,,14024,7,2,0,435308
2026-10-06T03:03:32,1779,fast,DU,0.746,True,,14024,7,2,0,435284
2026-10-06T03:04:34,1780,fault,GC16,2.212,True,expected error: DisplayTimeout: display not ready (busy line stayed low),14988,7,2,0,430596
2026-10-06T03:04:36,1780,recover,,2.628,True,,14988,7,2,0,430228
2026-10-06T03:05:32,1781,fast,DU,0.952,True,,14988,7,2,0,433640
2026-10-06T03:06:32,1782,fast,DU,0.722,True,,14988,7,2,0,435496
2026-10-06T03:07:32,1783,fast,DU,0.746,True,,14988,7,2,0,433576
2026-10-06T03:08:32,1784,fast,DU,0.722,True,,14988,7,2,0,433712
2026-10-06T03:09:33,1785,full,GC16,1.267,True,,14096,7,2,0,429784
2026-10-06T03:10:32,1786,fast,DU,0.744,True,,14096,7,2,0,426636
2026-10-06T03:11:32,1787,fast,DU,0.722,True,,14096,7,2,0,432304
2026-10-06T03:12:32,1788,fast,DU,0.722,True,,14096,7,2,0,433584
2026-10-06T03:13:32,1789,fast,DU,0.722,True,,14096,7,2,0,430488
2026-10-06T03:14:34,1790,fault,GC16,2.213,True,expected error: DisplayTimeout: display not ready (busy line stayed low),14024,7,2,0,434020
2026-10-06T03:14:36,1790,recover,,2.628,True,,14024,7,2,0,433556
2026-10-06T03:15:32,1791,fast,DU,0.952,True,,14024,7,2,0,433800
2026-10-06T03:16:32,1792,fast,DU,0.741,True,,14024,7,2,0,430604
2026-10-06T03:17:32,1793,fast,DU,0.74,True,,14024,7,2,0,435220
2026-10-06T03:18:32,1794,fast,DU,0.722,True,,14024,7,2,0,428848
2026-10-06T03:19:33,1795,full,GC16,1.421,True,,14988,7,2,0,430012
2026-10-06T03:20:32,1796,fast,DU,0.744,True,,14988,7,2,0,421904
2026-10-06T03:21:32,1797,fast,DU,0.722,True,,14988,7,2,0,427964
2026-10-06T03:22:32,1798,fast,DU,0.722,True,,14988,7,2,0,429040
2026-10-06T03:23:32,1799,fast,DU,0.744,True,,14988,7,2,0,425936
2026-10-06T03:24:34,1800,fault,GC16,2.307,True,expected error: DisplayTimeout: display not ready (busy line stayed low),14100,7,2,0,426752
2026-10-06T03:24:36,1800,recover,,2.628,True,,14100,7,2,0,426576
2026-10-06T03:25:32,1801,fast,DU,0.952,True,,14100,7,2,0,421240
2026-10-06T03:26:32,1802,fast,DU,0.746,True,,14100,7,2,0,424804
2026-10-06T03:27:32,1803,fast,DU,0.746,True,,14100,7,2,0,429304
2026-10-06T03:28:32,1804,fast,DU,0.746,True,,14100,7,2,0,406040
2026-10-06T03:29:33,1805,full,GC16,1.235,True,,14028,7,2,0,416816
2026-10-06T03:30:32,1806,fast,DU,0.767,True,,14028,7,2,0,411528
2026-10-06T03:31:32,1807,fast,DU,0.722,True,,14028,7,2,0,417964
2026-10-06T03:32:32,1808,fast,DU,0.722,True,,14028,7,2,0,422768
2026-10-06T03:33:32,1809,fast,DU,0.745,True,,14028,7,2,0,420400
2026-10-06T03:34:34,1810,fault,GC16,2.213,True,expected error: DisplayTimeout: display not ready (busy line stayed low),14996,7,2,0,418092
2026-10-06T03:34:36,1810,recover,,2.628,True,,14996,7,2,0,418156
2026-10-06T03:35:32,1811,fast,DU,0.97,True,,14996,7,2,0,415500
2026-10-06T03:36:32,1812,fast,DU,0.722,True,,15000,7,2,0,414748
2026-10-06T03:37:32,1813,fast,DU,0.722,True,,15000,7,2,0,414916
2026-10-06T03:38:32,1814,fast,DU,0.746,True,,15000,7,2,0,413968
2026-10-06T03:39:33,1815,full,GC16,1.236,True,,14108,7,2,0,412492
2026-10-06T03:40:32,1816,fast,DU,0.767,True,,14108,7,2,0,413036
2026-10-06T03:41:32,1817,fast,DU,0.74,True,,14108,7,2,0,418068
2026-10-06T03:42:32,1818,fast,DU,0.741,True,,14108,7,2,0,420052
2026-10-06T03:43:32,1819,fast,DU,0.722,True,,14108,7,2,0,412316
2026-10-06T03:44:34,1820,fault,GC16,2.213,True,expected error: DisplayTimeout: display not ready (busy line stayed low),14036,7,2,0,415512
2026-10-06T03:44:36,1820,recover,,2.628,True,,14036,7,2,0,418624
2026-10-06T03:45:32,1821,fast,DU,0.952,True,,14036,7,2,0,416964
2026-10-06T03:46:32,1822,fast,DU,0.722,True,,14036,7,2,0,414972
2026-10-06T03:47:32,1823,fast,DU,0.722,True,,14036,7,2,0,415088
2026-10-06T03:48:32,1824,fast,DU,0.746,True,,14036,7,2,0,412400
2026-10-06T03:49:33,1825,full,GC16,1.235,True,,15000,7,2,0,407112
2026-10-06T03:50:32,1826,fast,DU,0.744,True,,15000,7,2,0,411940
2026-10-06T03:51:32,1827,fast,DU,0.746,True,,15000,7,2,0,410524
2026-10-06T03:52:32,1828,fast,DU,0.746,True,,15000,7,2,0,411344
2026-10-06T03:53:32,1829,fast,DU,0.722,True,,15000,7,2,0,413952
2026-10-06T03:54:34,1830,fault,GC16,2.213,True,expected error: DisplayTimeout: display not ready (busy line stayed low),14108,7,2,0,409736
2026-10-06T03:54:36,1830,recover,,2.628,True,,14108,7,2,0,410648
2026-10-06T03:55:32,1831,fast,DU,0.966,True,,14108,7,2,0,413240
2026-10-06T03:56:32,1832,fast,DU,0.741,True,,14108,7,2,0,411768
2026-10-06T03:57:32,1833,fast,DU,0.722,True,,14108,7,2,0,414404
2026-10-06T03:58:32,1834,fast,DU,0.722,True,,14108,7,2,0,407844
2026-10-06T03:59:33,1835,full,GC16,1.236,True,,14036,7,2,0,406284
2026-10-06T04:00:32,1836,fast,DU,0.744,True,,14036,7,2,0,404516
2026-10-06T04:01:32,1837,fast,DU,0.722,True,,14036,7,2,0,412908
2026-10-06T04:02:32,1838,fast,DU,0.722,True,,14036,7,2,0,416832
2026-10-06T04:03:32,1839,fast,DU,0.74,True,,14036,7,2,0,410844
2026-10-06T04:04:34,1840,fault,GC16,2.232,True,expected error: DisplayTimeout: display not ready (busy line stayed low),15000,7,2,0,353236
2026-10-06T04:04:36,1840,recover,,2.628,True,,15000,7,2,0,353736
2026-10-06T04:05:32,1841,fast,DU,0.976,True,,15000,7,2,0,360116
2026-10-06T04:06:32,1842,fast,DU,0.746,True,,15000,7,2,0,354668
2026-10-06T04:07:32,1843,fast,DU,0.746,True,,15000,7,2,0,357488
2026-10-06T04:08:32,1844,fast,DU,0.746,True,,15000,7,2,0,356992
2026-10-06T04:09:33,1845,full,GC16,1.236,True,,14108,7,2,0,356940
2026-10-06T04:10:32,1846,fast,DU,0.744,True,,14108,7,2,0,351636
2026-10-06T04:11:32,1847,fast,DU,0.722,True,,14108,7,2,0,356356
2026-10-06T04:12:32,1848,fast,DU,0.722,True,,14108,7,2,0,360864
2026-10-06T04:13:32,1849,fast,DU,0.722,True,,14108,7,2,0,353692
2026-10-06T04:14:34,1850,fault,GC16,2.212,True,expected error: DisplayTimeout: display not ready (busy line stayed low),14036,7,2,0,356572
2026-10-06T04:14:36,1850,recover,,2.628,True,,14036,7,2,0,357436
2026-10-06T04:15:32,1851,fast,DU,0.952,True,,14036,7,2,0,359008
2026-10-06T04:16:32,1852,fast,DU,0.746,True,,14036,7,2,0,359128
2026-10-06T04:17:32,1853,fast,DU,0.724,True,,14036,7,2,0,356944
2026-10-06T04:18:32,1854,fast,DU,0.722,True,,14036,7,2,0,353812
2026-10-06T04:19:33,1855,full,GC16,1.235,True,,15000,7,2,0,352400
2026-10-06T04:20:32,1856,fast,DU,0.768,True,,15000,7,2,0,347604
2026-10-06T04:21:32,1857,fast,DU,0.722,True,,15000,7,2,0,353812
2026-10-06T04:22:32,1858,fast,DU,0.722,True,,15000,7,2,0,356848
2026-10-06T04:23:32,1859,fast,DU,0.722,True,,15000,7,2,0,353952
2026-10-06T04:24:34,1860,fault,GC16,2.213,True,expected error: DisplayTimeout: display not ready (busy line stayed low),14108,7,2,0,352332
2026-10-06T04:24:36,1860,recover,,2.628,True,,14108,7,2,0,352416
2026-10-06T04:25:32,1861,fast,DU,0.963,True,,14108,7,2,0,390120
2026-10-06T04:26:32,1862,fast,DU,0.722,True,,14108,7,2,0,394188
2026-10-06T04:27:32,1863,fast,DU,0.722,True,,14108,7,2,0,395292
2026-10-06T04:28:32,1864,fast,DU,0.733,True,,14108,7,2,0,387664
2026-10-06T04:29:33,1865,full,GC16,1.235,True,,14040,7,2,0,388112
2026-10-06T04:30:32,1866,fast,DU,0.768,True,,14040,7,2,0,383504
2026-10-06T04:31:32,1867,fast,DU,0.722,True,,14040,7,2,0,391840
2026-10-06T04:32:32,1868,fast,DU,0.746,True,,14040,7,2,0,393628
2026-10-06T04:33:32,1869,fast,DU,0.746,True,,14040,7,2,0,396120
2026-10-06T04:34:34,1870,fault,GC16,2.215,True,expected error: DisplayTimeout: display not ready (busy line stayed low),15008,7,2,0,391708
2026-10-06T04:34:36,1870,recover,,2.628,True,,15008,7,2,0,391652
2026-10-06T04:35:32,1871,fast,DU,0.952,True,,15008,7,2,0,393812
2026-10-06T04:36:32,1872,fast,DU,0.746,True,,15008,7,2,0,392336
2026-10-06T04:37:32,1873,fast,DU,0.746,True,,15008,7,2,0,391312
2026-10-06T04:38:32,1874,fast,DU,0.746,True,,15008,7,2,0,393632
2026-10-06T04:39:33,1875,full,GC16,1.236,True,,14116,7,2,0,388476
2026-10-06T04:40:32,1876,fast,DU,0.744,True,,14116,7,2,0,387008
2026-10-06T04:41:32,1877,fast,DU,0.722,True,,14116,7,2,0,390252
2026-10-06T04:42:32,1878,fast,DU,0.743,True,,14116,7,2,0,390228
2026-10-06T04:43:32,1879,fast,DU,0.722,True,,14116,7,2,0,389552
2026-10-06T04:44:34,1880,fault,GC16,2.213,True,expected error: DisplayTimeout: display not ready (busy line stayed low),14044,7,2,0,395620
2026-10-06T04:44:36,1880,recover,,2.628,True,,14048,7,2,0,395380
2026-10-06T04:45:32,1881,fast,DU,0.97,True,,14048,7,2,0,392852
2026-10-06T04:46:32,1882,fast,DU,0.746,True,,14048,7,2,0,394720
2026-10-06T04:47:32,1883,fast,DU,0.722,True,,14048,7,2,0,390432
2026-10-06T04:48:32,1884,fast,DU,0.722,True,,14048,7,2,0,390784
2026-10-06T04:49:33,1885,full,GC16,1.246,True,,15012,7,2,0,384496
2026-10-06T04:50:32,1886,fast,DU,0.762,True,,15012,7,2,0,382532
2026-10-06T04:51:32,1887,fast,DU,0.722,True,,15012,7,2,0,378084
2026-10-06T04:52:32,1888,fast,DU,0.733,True,,15012,7,2,0,359652
2026-10-06T04:53:32,1889,fast,DU,0.722,True,,15012,7,2,0,361676
2026-10-06T04:54:34,1890,fault,GC16,2.213,True,expected error: DisplayTimeout: display not ready (busy line stayed low),14120,7,2,0,362088
2026-10-06T04:54:36,1890,recover,,2.628,True,,14120,7,2,0,361848
2026-10-06T04:55:32,1891,fast,DU,0.952,True,,14120,7,2,0,361748
2026-10-06T04:56:32,1892,fast,DU,0.722,True,,14120,7,2,0,363988
2026-10-06T04:57:32,1893,fast,DU,0.723,True,,14120,7,2,0,357184
2026-10-06T04:58:32,1894,fast,DU,0.722,True,,14120,7,2,0,361552
2026-10-06T04:59:33,1895,full,GC16,1.235,True,,14048,7,2,0,355668
2026-10-06T05:00:32,1896,fast,DU,0.744,True,,14048,7,2,0,351820
2026-10-06T05:01:32,1897,fast,DU,0.746,True,,14048,7,2,0,358528
2026-10-06T05:02:32,1898,fast,DU,0.746,True,,14048,7,2,0,356568
2026-10-06T05:03:32,1899,fast,DU,0.722,True,,14048,7,2,0,361736
2026-10-06T05:04:34,1900,fault,GC16,2.226,True,expected error: DisplayTimeout: display not ready (busy line stayed low),15016,7,2,0,347900
2026-10-06T05:04:36,1900,recover,,2.627,True,,15016,7,2,0,347660
2026-10-06T05:05:32,1901,fast,DU,0.952,True,,15016,7,2,0,360444
2026-10-06T05:06:32,1902,fast,DU,0.746,True,,15016,7,2,0,357920
2026-10-06T05:07:32,1903,fast,DU,0.722,True,,15016,7,2,0,358920
2026-10-06T05:08:32,1904,fast,DU,0.722,True,,15016,7,2,0,357272
2026-10-06T05:09:33,1905,full,GC16,1.236,True,,14124,7,2,0,356048
2026-10-06T05:10:32,1906,fast,DU,0.762,True,,14124,7,2,0,354860
2026-10-06T05:11:32,1907,fast,DU,0.746,True,,14124,7,2,0,356368
2026-10-06T05:12:32,1908,fast,DU,0.722,True,,14124,7,2,0,357304
2026-10-06T05:13:32,1909,fast,DU,0.746,True,,14124,7,2,0,355504
2026-10-06T05:14:34,1910,fault,GC16,2.213,True,expected error: DisplayTimeout: display not ready (busy line stayed low),14052,7,2,0,355236
2026-10-06T05:14:36,1910,recover,,2.628,True,,14052,7,2,0,354772
2026-10-06T05:15:32,1911,fast,DU,0.952,True,,14052,7,2,0,353552
2026-10-06T05:16:32,1912,fast,DU,0.722,True,,14052,7,2,0,356132
2026-10-06T05:17:32,1913,fast,DU,0.722,True,,14052,7,2,0,356824
2026-10-06T05:18:32,1914,fast,DU,0.743,True,,14052,7,2,0,351040
2026-10-06T05:19:33,1915,full,GC16,1.235,True,,15016,7,2,0,348360
2026-10-06T05:20:32,1916,fast,DU,0.763,True,,15016,7,2,0,345244
2026-10-06T05:21:32,1917,fast,DU,0.722,True,,15016,7,2,0,353972
2026-10-06T05:22:32,1918,fast,DU,0.722,True,,15016,7,2,0,355516
2026-10-06T05:23:32,1919,fast,DU,0.744,True,,15016,7,2,0,351140
2026-10-06T05:24:34,1920,fault,GC16,2.306,True,expected error: DisplayTimeout: display not ready (busy line stayed low),14128,7,2,0,357060
2026-10-06T05:24:36,1920,recover,,2.629,True,,14128,7,2,0,356600
2026-10-06T05:25:32,1921,fast,DU,0.976,True,,14124,7,2,0,365560
2026-10-06T05:26:32,1922,fast,DU,0.722,True,,14124,7,2,0,369912
2026-10-06T05:27:32,1923,fast,DU,0.746,True,,14124,7,2,0,367812
2026-10-06T05:28:32,1924,fast,DU,0.722,True,,14124,7,2,0,359524
2026-10-06T05:29:33,1925,full,GC16,1.236,True,,14052,7,2,0,355428
2026-10-06T05:30:32,1926,fast,DU,0.762,True,,14052,7,2,0,342712
2026-10-06T05:31:32,1927,fast,DU,0.736,True,,14052,7,2,0,356864
2026-10-06T05:32:32,1928,fast,DU,0.745,True,,14052,7,2,0,354404
2026-10-06T05:33:32,1929,fast,DU,0.722,True,,14052,7,2,0,353552
2026-10-06T05:34:34,1930,fault,GC16,2.212,True,expected error: DisplayTimeout: display not ready (busy line stayed low),15016,7,2,0,345776
2026-10-06T05:34:36,1930,recover,,2.628,True,,15076,7,2,0,346320
2026-10-06T05:35:32,1931,fast,DU,0.952,True,,15076,7,2,0,351328
2026-10-06T05:36:32,1932,fast,DU,0.722,True,,15076,7,2,0,351520
2026-10-06T05:37:32,1933,fast,DU,0.746,True,,15076,7,2,0,349296
2026-10-06T05:38:32,1934,fast,DU,0.722,True,,15076,7,2,0,349956
2026-10-06T05:39:33,1935,full,GC16,1.236,True,,14184,7,2,0,348356
2026-10-06T05:40:32,1936,fast,DU,0.768,True,,14184,7,2,0,350604
2026-10-06T05:41:32,1937,fast,DU,0.722,True,,14184,7,2,0,353472
2026-10-06T05:42:32,1938,fast,DU,0.722,True,,14188,7,2,0,351488
2026-10-06T05:43:32,1939,fast,DU,0.746,True,,14188,7,2,0,348788
2026-10-06T05:44:34,1940,fault,GC16,2.213,True,expected error: DisplayTimeout: display not ready (busy line stayed low),14116,7,2,0,350388
2026-10-06T05:44:36,1940,recover,,2.628,True,,14116,7,2,0,350084
2026-10-06T05:45:32,1941,fast,DU,0.953,True,,14116,7,2,0,345348
2026-10-06T05:46:32,1942,fast,DU,0.746,True,,14116,7,2,0,352232
2026-10-06T05:47:32,1943,fast,DU,0.722,True,,14116,7,2,0,346000
2026-10-06T05:48:32,1944,fast,DU,0.722,True,,14116,7,2,0,350360
2026-10-06T05:49:33,1945,full,GC16,1.235,True,,15080,7,2,0,344616
2026-10-06T05:50:32,1946,fast,DU,0.744,True,,15080,7,2,0,369312
2026-10-06T05:51:32,1947,fast,DU,0.722,True,,15080,7,2,0,377340
2026-10-06T05:52:32,1948,fast,DU,0.746,True,,15080,7,2,0,377532
2026-10-06T05:53:32,1949,fast,DU,0.746,True,,15080,7,2,0,376880
2026-10-06T05:54:34,1950,fault,GC16,2.308,True,expected error: DisplayTimeout: display not ready (busy line stayed low),14188,7,2,0,376840
2026-10-06T05:54:36,1950,recover,,2.628,True,,14188,7,2,0,376680
2026-10-06T05:55:32,1951,fast,DU,0.952,True,,14188,7,2,0,374212
2026-10-06T05:56:32,1952,fast,DU,0.722,True,,14188,7,2,0,374492
2026-10-06T05:57:32,1953,fast,DU,0.722,True,,14188,7,2,0,375524
2026-10-06T05:58:32,1954,fast,DU,0.746,True,,14188,7,2,0,373052
2026-10-06T05:59:33,1955,full,GC16,1.235,True,,14116,7,2,0,370320
2026-10-06T06:00:32,1956,fast,DU,0.768,True,,14116,7,2,0,367716
2026-10-06T06:01:32,1957,fast,DU,0.722,True,,14116,7,2,0,373372
2026-10-06T06:02:32,1958,fast,DU,0.722,True,,14116,7,2,0,373672
2026-10-06T06:03:32,1959,fast,DU,0.722,True,,14116,7,2,0,373608
2026-10-06T06:04:34,1960,fault,GC16,2.214,True,expected error: DisplayTimeout: display not ready (busy line stayed low),15080,7,2,0,364620
2026-10-06T06:04:36,1960,recover,,2.628,True,,15080,7,2,0,364032
2026-10-06T06:05:32,1961,fast,DU,0.952,True,,15080,7,2,0,369768
2026-10-06T06:06:32,1962,fast,DU,0.744,True,,15080,7,2,0,367160
2026-10-06T06:07:32,1963,fast,DU,0.722,True,,15080,7,2,0,369188
2026-10-06T06:08:32,1964,fast,DU,0.722,True,,15080,7,2,0,367776
2026-10-06T06:09:33,1965,full,GC16,1.276,True,,14188,7,2,0,365880
2026-10-06T06:10:32,1966,fast,DU,0.744,True,,14188,7,2,0,357036
2026-10-06T06:11:32,1967,fast,DU,0.722,True,,14188,7,2,0,360224
2026-10-06T06:12:32,1968,fast,DU,0.722,True,,14188,7,2,0,357264
2026-10-06T06:13:32,1969,fast,DU,0.722,True,,14188,7,2,0,355916
2026-10-06T06:14:34,1970,fault,GC16,2.214,True,expected error: DisplayTimeout: display not ready (busy line stayed low),14120,7,2,0,351384
2026-10-06T06:14:36,1970,recover,,2.628,True,,14120,7,2,0,352196
2026-10-06T06:15:32,1971,fast,DU,0.952,True,,14120,7,2,0,355696
2026-10-06T06:16:32,1972,fast,DU,0.722,True,,14120,7,2,0,358816
2026-10-06T06:17:32,1973,fast,DU,0.74,True,,14120,7,2,0,358168
2026-10-06T06:18:32,1974,fast,DU,0.722,True,,14120,7,2,0,355756
2026-10-06T06:19:33,1975,full,GC16,1.265,True,,15084,7,2,0,351904
2026-10-06T06:20:32,1976,fast,DU,0.744,True,,15084,7,2,0,349572
2026-10-06T06:21:32,1977,fast,DU,0.722,True,,15084,7,2,0,353660
2026-10-06T06:22:32,1978,fast,DU,0.746,True,,15084,7,2,0,351684
2026-10-06T06:23:32,1979,fast,DU,0.746,True,,15084,7,2,0,347536
2026-10-06T06:24:34,1980,fault,GC16,2.243,True,expected error: DisplayTimeout: display not ready (busy line stayed low),14192,7,2,0,349968
2026-10-06T06:24:36,1980,recover,,2.627,True,,14192,7,2,0,351848
2026-10-06T06:25:32,1981,fast,DU,0.952,True,,14192,7,2,0,352808
2026-10-06T06:26:32,1982,fast,DU,0.744,True,,14192,7,2,0,353844
2026-10-06T06:27:32,1983,fast,DU,0.722,True,,14192,7,2,0,353220
2026-10-06T06:28:32,1984,fast,DU,0.722,True,,14192,7,2,0,344736
2026-10-06T06:29:33,1985,full,GC16,1.249,True,,14112,7,2,0,374452
2026-10-06T06:30:32,1986,fast,DU,0.767,True,,14112,7,2,0,367388
2026-10-06T06:31:32,1987,fast,DU,0.746,True,,14112,7,2,0,375740
2026-10-06T06:32:32,1988,fast,DU,0.743,True,,14112,7,2,0,375656
2026-10-06T06:33:32,1989,fast,DU,0.745,True,,14112,7,2,0,373608
2026-10-06T06:34:34,1990,fault,GC16,2.306,True,expected error: DisplayTimeout: display not ready (busy line stayed low),15076,7,2,0,368740
2026-10-06T06:34:36,1990,recover,,2.628,True,,15076,7,2,0,368880
2026-10-06T06:35:32,1991,fast,DU,0.952,True,,15076,7,2,0,369908
2026-10-06T06:36:32,1992,fast,DU,0.743,True,,15076,7,2,0,372324
2026-10-06T06:37:32,1993,fast,DU,0.722,True,,15076,7,2,0,369652
2026-10-06T06:38:32,1994,fast,DU,0.74,True,,15076,7,2,0,371956
2026-10-06T06:39:33,1995,full,GC16,1.258,True,,14184,7,2,0,369016
2026-10-06T06:40:32,1996,fast,DU,0.768,True,,12132,7,2,0,374316
2026-10-06T06:41:32,1997,fast,DU,0.722,True,,12132,7,2,0,379440
2026-10-06T06:42:32,1998,fast,DU,0.722,True,,12132,7,2,0,379024
2026-10-06T06:43:32,1999,fast,DU,0.746,True,,12132,7,2,0,381388
2026-10-06T06:44:34,2000,fault,GC16,2.213,True,expected error: DisplayTimeout: display not ready (busy line stayed low),12060,7,2,0,374824
2026-10-06T06:44:36,2000,recover,,2.628,True,,12060,7,2,0,375700
2026-10-06T06:45:32,2001,fast,DU,0.952,True,,12060,7,2,0,379924
2026-10-06T06:46:32,2002,fast,DU,0.722,True,,12060,7,2,0,381444
2026-10-06T06:47:32,2003,fast,DU,0.722,True,,12060,7,2,0,378024
2026-10-06T06:48:32,2004,fast,DU,0.74,True,,12060,7,2,0,381232
2026-10-06T06:49:33,2005,full,GC16,1.264,True,,13024,7,2,0,372388
2026-10-06T06:50:32,2006,fast,DU,0.744,True,,13024,7,2,0,367104
2026-10-06T06:51:32,2007,fast,DU,0.722,True,,13024,7,2,0,376144
2026-10-06T06:52:32,2008,fast,DU,0.722,True,,13024,7,2,0,372928
2026-10-06T06:53:32,2009,fast,DU,0.745,True,,13024,7,2,0,376608
2026-10-06T06:54:34,2010,fault,GC16,2.306,True,expected error: DisplayTimeout: display not ready (busy line stayed low),12132,7,2,0,376916
2026-10-06T06:54:36,2010,recover,,2.629,True,,12132,7,2,0,376688
2026-10-06T06:55:32,2011,fast,DU,0.971,True,,12132,7,2,0,374016
2026-10-06T06:56:32,2012,fast,DU,0.74,True,,12132,7,2,0,377028
2026-10-06T06:57:32,2013,fast,DU,0.745,True,,12132,7,2,0,376904
2026-10-06T06:58:32,2014,fast,DU,0.722,True,,12132,7,2,0,376628
2026-10-06T06:59:33,2015,full,GC16,1.247,True,,12060,7,2,0,368364
2026-10-06T07:00:32,2016,fast,DU,0.767,True,,12060,7,2,0,370808
2026-10-06T07:01:32,2017,fast,DU,0.746,True,,12060,7,2,0,374092
2026-10-06T07:02:32,2018,fast,DU,0.722,True,,12060,7,2,0,375292
2026-10-06T07:03:32,2019,fast,DU,0.722,True,,12060,7,2,0,375880
2026-10-06T07:04:34,2020,fault,GC16,2.211,True,expected error: DisplayTimeout: display not ready (busy line stayed low),13024,7,2,0,365060
2026-10-06T07:04:36,2020,recover,,2.628,True,,13024,7,2,0,365828
2026-10-06T07:05:32,2021,fast,DU,0.97,True,,13024,7,2,0,370980
2026-10-06T07:06:32,2022,fast,DU,0.74,True,,13024,7,2,0,372412
2026-10-06T07:07:32,2023,fast,DU,0.741,True,,13024,7,2,0,373324
2026-10-06T07:08:32,2024,fast,DU,0.743,True,,13024,7,2,0,375364
2026-10-06T07:09:33,2025,full,GC16,1.268,True,,12132,7,2,0,370004
2026-10-06T07:10:32,2026,fast,DU,0.767,True,,12132,7,2,0,368292
2026-10-06T07:11:32,2027,fast,DU,0.722,True,,12136,7,2,0,366572
2026-10-06T07:12:32,2028,fast,DU,0.743,True,,12136,7,2,0,371024
2026-10-06T07:13:32,2029,fast,DU,0.741,True,,12136,7,2,0,372736
2026-10-06T07:14:34,2030,fault,GC16,2.222,True,expected error: DisplayTimeout: display not ready (busy line stayed low),12068,7,2,0,369224
2026-10-06T07:14:36,2030,recover,,2.628,True,,12068,7,2,0,368920
2026-10-06T07:15:32,2031,fast,DU,0.952,True,,12068,7,2,0,372404
2026-10-06T07:16:32,2032,fast,DU,0.745,True,,12068,7,2,0,366812
2026-10-06T07:17:32,2033,fast,DU,0.722,True,,12068,7,2,0,373636
2026-10-06T07:18:32,2034,fast,DU,0.722,True,,12068,7,2,0,371432
2026-10-06T07:19:33,2035,full,GC16,1.235,True,,13032,7,2,0,367460
2026-10-06T07:20:32,2036,fast,DU,0.744,True,,13032,7,2,0,365604
2026-10-06T07:21:32,2037,fast,DU,0.722,True,,13032,7,2,0,368156
2026-10-06T07:22:32,2038,fast,DU,0.722,True,,13032,7,2,0,370484
2026-10-06T07:23:32,2039,fast,DU,0.73,True,,13032,7,2,0,366460
2026-10-06T07:24:34,2040,fault,GC16,2.213,True,expected error: DisplayTimeout: display not ready (busy line stayed low),12140,7,2,0,365976
2026-10-06T07:24:36,2040,recover,,2.629,True,,12140,7,2,0,365868
2026-10-06T07:25:32,2041,fast,DU,0.952,True,,12140,7,2,0,362540
2026-10-06T07:26:32,2042,fast,DU,0.722,True,,12140,7,2,0,364568
2026-10-06T07:27:32,2043,fast,DU,0.746,True,,12140,7,2,0,365016
2026-10-06T07:28:32,2044,fast,DU,0.745,True,,12140,7,2,0,358728
2026-10-06T07:29:33,2045,full,GC16,1.235,True,,12068,7,2,0,356896
2026-10-06T07:30:32,2046,fast,DU,0.744,True,,12056,7,2,0,356092
2026-10-06T07:31:32,2047,fast,DU,0.746,True,,12056,7,2,0,356568
2026-10-06T07:32:32,2048,fast,DU,0.746,True,,12056,7,2,0,364176
2026-10-06T07:33:32,2049,fast,DU,0.722,True,,12056,7,2,0,365368
2026-10-06T07:34:34,2050,fault,GC16,2.212,True,expected error: DisplayTimeout: display not ready (busy line stayed low),13020,7,2,0,357424
2026-10-06T07:34:36,2050,recover,,2.628,True,,13020,7,2,0,358264
2026-10-06T07:35:32,2051,fast,DU,0.952,True,,13020,7,2,0,365320
2026-10-06T07:36:32,2052,fast,DU,0.722,True,,13020,7,2,0,360356
2026-10-06T07:37:32,2053,fast,DU,0.74,True,,13020,7,2,0,363156
2026-10-06T07:38:32,2054,fast,DU,0.722,True,,13020,7,2,0,363288
2026-10-06T07:39:33,2055,full,GC16,1.236,True,,12128,7,2,0,358132
2026-10-06T07:40:32,2056,fast,DU,0.765,True,,12128,7,2,0,357872
2026-10-06T07:41:32,2057,fast,DU,0.722,True,,12128,7,2,0,361752
2026-10-06T07:42:32,2058,fast,DU,0.722,True,,12128,7,2,0,359008
2026-10-06T07:43:32,2059,fast,DU,0.722,True,,12128,7,2,0,359040
2026-10-06T07:44:34,2060,fault,GC16,2.213,True,expected error: DisplayTimeout: display not ready (busy line stayed low),12056,7,2,0,361068
2026-10-06T07:44:36,2060,recover,,2.628,True,,12056,7,2,0,360828
2026-10-06T07:45:32,2061,fast,DU,0.976,True,,12056,7,2,0,359492
2026-10-06T07:46:32,2062,fast,DU,0.722,True,,12056,7,2,0,359640
2026-10-06T07:47:32,2063,fast,DU,0.724,True,,12056,7,2,0,360256
